ticker,timestamp,rvol_15m,momentum_1h,rsi_14,decayed_sentiment,rag_historical_win_rate,sector_beta,excess_momentum,target_class,cat_EARNINGS,cat_FDA_APPROVAL,cat_CONTRACT_WIN,cat_MANAGEMENT_CHANGE,cat_OFFERING_DILUTION,cat_RUMOR,cat_OTHER
BB,2026-07-13 12:15:00-04:00,0.665232583004783,-0.022374419162252357,49.426315927566826,-0.09163544085917286,0.7342270643638176,1.739057807088343,-0.01629174002750171,0,0,1,0,0,0,0,0
BBY,2026-07-13 12:15:00-04:00,0.9050332699062661,-0.0065972420399307286,33.05508019302877,-0.9840161768994844,0.5960521069112299,0.43935161398883327,-0.005060527800567242,0,0,0,0,1,0,0,0
SOFI,2026-07-13 12:15:00-04:00,1.1151260865438595,-0.009174377550324353,17.564672283502063,0.4861115623672787,0.47705727531705433,1.4335418243536442,-0.004160297565031877,0,0,1,0,0,0,0,0
UPST,2026-07-13 12:15:00-04:00,0.7876807292328526,-0.015289268550207957,16.616608283259325,-0.37761941227324414,0.40726001642863185,2.252788137880165,-0.007409721737304725,0,0,0,0,1,0,0,0
MARA,2026-07-13 12:15:00-04:00,0.5741298631714102,-0.02068127461628333,19.371284026359604,-0.282128320858958,0.6119667696835164,2.8668261781805215,-0.01065401519690179,0,0,0,0,0,1,0,0
PTON,2026-07-13 12:15:00-04:00,0.545260838946171,-0.021035540649635864,40.28812997870303,0.23621199773964086,0.5697817964981149,1.0715504237411495,-0.017287593124397333,0,0,1,0,0,0,0,0
AFRM,2026-07-13 12:15:00-04:00,0.469576519717692,0.0015179113821026657,45.03446427358138,0.12954953570637762,0.6663047532599762,2.0522024123265,0.0086958721967826,0,0,0,0,0,0,0,1
RIVN,2026-07-13 12:15:00-04:00,0.47834902464543627,-0.0028909648360788687,35.61663644931548,-0.24096769683043462,0.383983495298767,1.822067008178784,0.0034820544664379742,0,0,0,0,0,1,0,0
AMC,2026-07-13 12:15:00-04:00,0.611949656197255,-0.022666676839192657,31.6314684522511,0.06638500336452724,0.5570250696678212,1.5816693039335197,-0.017134493358058226,0,1,0,0,0,0,0,0
SNAP,2026-07-13 12:15:00-04:00,0.7916594869953435,-0.0009904546142462944,57.2239320723389,-0.9948039979905416,0.5269072508465976,1.041048571393518,0.002650806991703093,0,0,0,0,0,0,0,1
DKNG,2026-07-13 12:15:00-04:00,0.9618685104540043,-0.0018385452333747887,43.824397857416116,0.9418897967368087,0.4424331112827113,0.09331002531702351,-0.0015121760110605583,0,0,1,0,0,0,0,0
SIRI,2026-07-13 12:15:00-04:00,1.10133767671384,0.0036918065016524615,74.25079040977629,-0.3332764525492835,0.7602909018683428,0.3055926595361118,0.004760673842529094,0,0,0,1,0,0,0,0
SNDL,2026-07-13 12:15:00-04:00,0.12044101974025484,0.003787875024959364,58.725357128057595,-0.8419240852555947,0.5755028303581934,-0.1015923973300075,0.0034325366612949857,0,0,1,0,0,0,0,0
NIO,2026-07-13 12:15:00-04:00,0.9496595521779295,-0.003215396256486147,44.11246547870644,0.14946994618477683,0.551962564066725,0.6051034573948112,-0.0010989340206371237,0,0,0,1,0,0,0,0
NOK,2026-07-13 12:15:00-04:00,0.36787831926588405,-0.018333355585734012,38.55815910662897,-0.9391844063775538,0.3936602654716668,2.5615877381723067,-0.009373724558343864,0,0,0,1,0,0,0,0
CLOV,2026-07-13 12:15:00-04:00,1.0945491290318876,0.0033185545462151023,69.97074059919794,0.42444113795963356,0.36183950567848744,0.9180954094783167,0.006529764529104658,0,0,0,0,0,0,0,1
LI,2026-07-13 12:15:00-04:00,0.7180353453397533,-0.007780529625880828,4.636088036446068,-0.1390230059267552,0.3897252371105375,0.4085409671345793,-0.006351581372204912,0,0,0,0,1,0,0,0
CVNA,2026-07-13 12:15:00-04:00,0.6549447190190246,-0.0060994436521880635,22.08076668150092,0.8219673499977145,0.6407616148344453,0.9903479173662751,-0.002635517042874619,0,0,0,0,1,0,0,0
LCID,2026-07-13 12:15:00-04:00,0.9637096717545992,-0.003227534852128122,37.61425613777205,0.17550957927945343,0.5288463431108978,2.531594356773563,0.0056271887279815865,0,1,0,0,0,0,0,0
GME,2026-07-13 12:15:00-04:00,0.570255612454355,-0.004930466411299128,63.80984258744206,-0.578247883152522,0.41366946399309645,-0.03871322295164173,-0.0050658731312638655,0,0,1,0,0,0,0,0
PLTR,2026-07-13 12:15:00-04:00,0.43539665832279295,-0.0036151160723140174,57.32513333924403,-0.12185689687319923,0.4881059743905391,0.03680770369837632,-0.0034863742614485984,0,0,0,0,0,1,0,0
XPEV,2026-07-13 12:15:00-04:00,0.9855907554643342,-0.005813938874649538,16.733959643586132,0.32056689494059865,0.7415728805369457,0.465651662948567,-0.004185235307272778,0,0,0,0,0,0,1,0
TLRY,2026-07-13 12:15:00-04:00,0.5400120408948558,-0.010135152187839447,23.2756017250817,-0.5852645978686837,0.6371294452723668,0.6908986821557885,-0.0077186051466505805,0,1,0,0,0,0,0,0
COIN,2026-07-13 12:15:00-04:00,0.7092047342683224,-0.013259707046665348,33.63752606177789,-0.830567924131278,0.7987132678503859,1.180207522978685,-0.009131711044785745,0,1,0,0,0,0,0,0
HOOD,2026-07-13 12:15:00-04:00,0.4823885187464589,-0.008873879372536586,37.759769297906345,-0.5403411628153416,0.5822892741939862,1.3283798440079713,-0.004227623033479688,0,1,0,0,0,0,0,0
MSTR,2026-07-13 12:15:00-04:00,0.49394817814366254,-0.021850909406497476,38.03821291241237,-0.09595724994451738,0.6623423778241448,0.9515219617903551,-0.018522783820534607,0,1,0,0,0,0,0,0
RIOT,2026-07-13 12:15:00-04:00,1.0695119269108915,-0.024523108495492663,10.610801478504058,0.39614937259833893,0.6016966282347056,2.2824256922819153,-0.016539898806617298,0,0,0,0,1,0,0,0
FUBO,2026-07-13 12:15:00-04:00,0.47996134623177716,-0.02799227523778114,50.7156017728088,-0.7547221718114379,0.605525405265804,1.085226461462807,-0.02419649321908499,0,0,0,0,0,1,0,0
CHPT,2026-07-13 12:15:00-04:00,0.6218288200435077,-0.01545968925736707,47.90741736970168,-0.016598065533526052,0.565155379123127,2.5585271288915443,-0.006510763281951524,0,0,0,1,0,0,0,0
AMC,2026-07-13 13:15:00-04:00,0.8991925106355273,0.004092798106494655,39.440889887183175,-0.1482669258622864,0.5824325753795363,1.5816693039335197,0.004470131318834738,0,0,0,0,0,1,0,0
PTON,2026-07-13 13:15:00-04:00,0.7666410796124236,-0.0024793955123713074,38.527166294971614,-0.7899517648235133,0.3894534118205563,1.0715504237411495,-0.002223759544366443,0,0,0,0,1,0,0,0
AFRM,2026-07-13 13:15:00-04:00,0.49195032545082695,0.0005455976935777596,45.7250215205932,-0.7728272055298078,0.6404451703983327,2.0522024123265,0.0010351843136692206,0,0,0,0,0,0,0,1
RIVN,2026-07-13 13:15:00-04:00,0.4548916954016004,0.0005797808667227233,39.01240550288282,0.394030854870578,0.779429675386754,1.822067008178784,0.0010144649031297943,0,0,1,0,0,0,0,0
MSTR,2026-07-13 13:15:00-04:00,0.3928576766081625,0.0024091241944625974,44.46376465722612,0.1584296658027622,0.5397305308084694,0.9515219617903551,0.002636125399810377,0,0,0,0,0,0,1,0
FUBO,2026-07-13 13:15:00-04:00,0.3077684168990527,0.0,49.06846558502963,0.29146857869123166,0.3407900798811823,1.085226461462807,0.0002588986116135904,0,1,0,0,0,0,0,0
BBY,2026-07-13 13:15:00-04:00,0.4481677531699309,0.003350927780459312,47.38205083319836,-0.662558232354584,0.766434595119708,0.43935161398883327,0.003455742330151157,0,0,0,0,0,0,0,1
CHPT,2026-07-13 13:15:00-04:00,1.1779495455703728,-0.009917424417371978,36.81765183036471,0.3132022187429795,0.7898789465697156,2.5585271288915443,-0.009307045713048034,0,0,0,0,0,1,0,0
SIRI,2026-07-13 13:15:00-04:00,0.46066644470201246,-0.006873470887752586,42.204424752493466,0.9450107903873359,0.3789545806988476,0.3055926595361118,-0.006800566735409527,0,0,1,0,0,0,0,0
CLOV,2026-07-13 13:15:00-04:00,0.3708140457446437,-0.004410139272204572,55.1609324941201,0.4656460474870405,0.32865516747878143,0.9180954094783167,-0.004191112520385091,0,0,0,1,0,0,0,0
PLTR,2026-07-13 13:15:00-04:00,0.5764578977941656,-0.0017368446532924908,48.54280522360032,0.5175618129853039,0.39337201233580915,0.03680770369837632,-0.0017280635705207447,0,0,0,0,0,1,0,0
HOOD,2026-07-13 13:15:00-04:00,0.3412443566596628,-0.004044900216270797,36.299765373830795,-0.14208665414399824,0.4939742038677679,1.3283798440079713,-0.003727993368233229,0,0,0,1,0,0,0,0
MARA,2026-07-13 13:15:00-04:00,1.0341209191588825,-0.006625252585484187,24.189402128281472,-0.9443523110080574,0.3642383853536488,2.8668261781805215,-0.005941324075053307,0,0,1,0,0,0,0,0
LI,2026-07-13 13:15:00-04:00,0.6890905556395548,0.0061906570930305715,48.37590518707297,0.2009269443810957,0.31832170427233564,0.4085409671345793,0.0062881212564419985,0,1,0,0,0,0,0,0
CVNA,2026-07-13 13:15:00-04:00,1.3919985404647846,-0.009358708307694252,20.47962653063601,-0.029191398341349206,0.38850467394428184,0.9903479173662751,-0.009122444532412795,0,0,0,0,0,0,0,1
LCID,2026-07-13 13:15:00-04:00,0.5997371589164943,-0.00040022677782569627,40.69466109501061,0.9036544255860628,0.7807302311205792,2.531594356773563,0.0002037266709816692,0,0,0,0,0,0,1,0
XPEV,2026-07-13 13:15:00-04:00,1.103863371025044,0.006237810908056307,54.032031708352,0.6094380750852997,0.4479677978754313,0.465651662948567,0.006348899766754465,0,0,1,0,0,0,0,0
NOK,2026-07-13 13:15:00-04:00,0.19138554134756247,-0.0021222087518645294,34.90225891791981,0.23121269303793168,0.336426637753432,2.5615877381723067,-0.0015110998888855772,0,1,0,0,0,0,0,0
BB,2026-07-13 13:15:00-04:00,0.27086442720419535,-0.0022232504820042243,44.820961918375765,-0.1550019383980754,0.4711624951741683,1.739057807088343,-0.0018083696550438711,0,0,1,0,0,0,0,0
UPST,2026-07-13 13:15:00-04:00,0.6005547745719783,-0.007813404730385387,11.247056723331283,0.26453202538155307,0.5432521390866896,2.252788137880165,-0.007275965088183362,0,0,0,1,0,0,0,0
RIOT,2026-07-13 13:15:00-04:00,0.8049916530102768,-0.007364167284448109,12.175517060896567,0.08665486768404551,0.6706390770089875,2.2824256922819153,-0.0068196571164538065,0,0,0,0,0,1,0,0
COIN,2026-07-13 13:15:00-04:00,0.39021992072885453,-0.0017917055845949603,35.425287299779825,-0.21951582730238117,0.650289289447266,1.180207522978685,-0.0015101476794336438,0,0,0,1,0,0,0,0
NIO,2026-07-13 13:15:00-04:00,0.24706841049008169,0.0011969540310834414,49.00195093562726,0.5327965357438134,0.7782978411679586,0.6051034573948112,0.0013413114076912076,0,0,0,0,0,0,1,0
SOFI,2026-07-13 13:15:00-04:00,0.7574492361182802,-0.0021996640866858153,27.304945812322273,-0.7403086821141258,0.5386215383144237,1.4335418243536442,-0.0018576691195571118,0,0,0,0,0,1,0,0
GME,2026-07-13 13:15:00-04:00,1.0633453332454719,-0.004729794863802428,43.29934242329296,-0.1865273316521141,0.39348249534789187,-0.03871322295164173,-0.004739030539515456,0,0,0,0,0,1,0,0
SNAP,2026-07-13 13:15:00-04:00,0.9144661685339728,-0.002172891814109623,49.547880174269366,-0.04607566878912239,0.7810222413365258,1.041048571393518,-0.001924532564379579,0,0,0,0,0,0,0,1
SNDL,2026-07-13 13:15:00-04:00,0.06388701173800425,0.0004528153454468331,58.230011783855446,0.8073355377005678,0.6475521209593478,-0.1015923973300075,0.0004285788090618082,0,0,0,0,0,0,1,0
TLRY,2026-07-13 13:15:00-04:00,0.33642677274506005,-0.004550621390969289,27.79769200655261,0.44694268128068737,0.4853210511674507,0.6908986821557885,-0.004385796153170825,0,0,0,0,1,0,0,0
DKNG,2026-07-13 13:15:00-04:00,1.8377032550341659,-0.03057653010533179,21.36735035649771,0.7415597597737975,0.4925793732751478,0.09331002531702351,-0.030554269464938222,0,0,1,0,0,0,0,0
AMC,2026-07-13 14:00:00-04:00,0.5802704478314905,0.01634875791068935,61.631716865546984,0.09793597064054138,0.3972223575859571,1.5816693039335197,0.019471960124476807,0,0,1,0,0,0,0,0
AFRM,2026-07-13 14:00:00-04:00,0.5142208844257996,-0.004323077553089361,42.66375967000102,-0.2986781429874559,0.45277197972837835,2.0522024123265,-0.00027074935693724867,0,0,0,0,0,0,0,1
DKNG,2026-07-13 14:00:00-04:00,0.926702866116536,-0.009932510742776457,31.387495631787075,0.0010674957255925044,0.6924806355334682,0.09331002531702351,-0.009748258524620657,0,0,0,1,0,0,0,0
RIVN,2026-07-13 14:00:00-04:00,0.3119302845950744,-0.005206835602105331,33.32858570541612,0.511568620622467,0.6852395153027176,1.822067008178784,-0.0016089383049518306,0,0,1,0,0,0,0,0
BBY,2026-07-13 14:00:00-04:00,0.88221117799533,-0.0009096425440678901,47.643196973590165,0.7840000399451814,0.44950079894176737,0.43935161398883327,-4.208828981987819e-05,0,0,0,0,1,0,0,0
SNAP,2026-07-13 14:00:00-04:00,0.45139618356000355,-0.007360740989883818,46.880896581764,0.7407703619121055,0.5362743318004963,1.041048571393518,-0.005305061465250919,0,0,0,1,0,0,0,0
XPEV,2026-07-13 14:00:00-04:00,1.4472142138903552,0.0019409641543592926,53.99736756926838,-0.7979039033791457,0.5107116814280359,0.465651662948567,0.002860451117252203,1,0,0,0,0,0,0,1
BB,2026-07-13 14:00:00-04:00,0.46127985850550823,-0.005583942911253081,47.03680585933603,-0.5987777692910796,0.40341100427931154,1.739057807088343,-0.0021499575772170564,1,0,0,0,0,0,1,0
SIRI,2026-07-13 14:00:00-04:00,0.7721355645535394,-0.007544099707248009,30.67328585315775,0.07744926390028817,0.4383044943213039,0.3055926595361118,-0.006940669098582357,0,0,0,0,0,1,0,0
CHPT,2026-07-13 14:00:00-04:00,2.2756104223849727,-0.010912361421452577,33.41549397249989,-0.1164799000055059,0.6095196274924422,2.5585271288915443,-0.005860232273395716,1,0,0,1,0,0,0,0
NIO,2026-07-13 14:00:00-04:00,0.6842686283527767,0.0,53.64828532804964,0.9640629369215683,0.7106027901940056,0.6051034573948112,0.0011948518271208439,1,0,1,0,0,0,0,0
SOFI,2026-07-13 14:00:00-04:00,1.036505661631979,-0.006553737596113551,36.83186784129312,0.641299878316195,0.33467375152592715,1.4335418243536442,-0.0037230314628886258,0,0,0,0,0,1,0,0
HOOD,2026-07-13 14:00:00-04:00,0.5506355500615366,-0.002134525707306767,46.17286601992436,0.4848352594802898,0.5171487314082771,1.3283798440079713,0.000488525052569847,0,1,0,0,0,0,0,0
TLRY,2026-07-13 14:00:00-04:00,1.2592985223249018,0.013651864172907757,62.11940015630232,-0.866971547142884,0.7848392707146676,0.6908986821557885,0.015016129312431823,0,0,0,0,0,1,0,0
FUBO,2026-07-13 14:00:00-04:00,0.6442823902559502,-0.018774662305522716,33.391329694350404,0.4261152236785313,0.7974590841245595,1.085226461462807,-0.016631748057599857,0,1,0,0,0,0,0,0
PTON,2026-07-13 14:00:00-04:00,1.1789274582626614,-0.0033167463069042613,36.118930041058434,0.539512991464109,0.6057719736735443,1.0715504237411495,-0.0012008370916907671,0,1,0,0,0,0,0,0
COIN,2026-07-13 14:00:00-04:00,0.6240268152470398,-0.009189549900769145,39.450760398665764,-0.09991526642876902,0.6385557562862493,1.180207522978685,-0.006859083766458574,1,0,1,0,0,0,0,0
MSTR,2026-07-13 14:00:00-04:00,1.0170565027673513,-0.0053237490101639695,46.75473709032381,0.798201158889998,0.5663735158394883,0.9515219617903551,-0.003444850880105847,1,0,0,0,0,1,0,0
GME,2026-07-13 14:00:00-04:00,0.3986886203782503,-0.001369064721789215,44.54897182623055,0.907201743582464,0.38236000947148885,-0.03871322295164173,-0.001445508782077115,0,0,0,0,0,1,0,0
LI,2026-07-13 14:00:00-04:00,0.5350457273894419,-0.002462099763017589,39.66497472803239,0.7079957573291964,0.5642258254261372,0.4085409671345793,-0.001655384952403032,1,0,0,0,1,0,0,0
CVNA,2026-07-13 14:00:00-04:00,0.9541328858651724,-0.001933188879066683,31.809518046439592,-0.8312219005249222,0.6730400036316184,0.9903479173662751,2.2375915828113692e-05,1,0,1,0,0,0,0,0
NOK,2026-07-13 14:00:00-04:00,0.5284310929767099,-0.0035255016362034652,30.221049041983093,0.39622261431563444,0.7665199618092081,2.5615877381723067,0.0015326710644831664,0,0,1,0,0,0,0,0
RIOT,2026-07-13 14:00:00-04:00,1.0338287667825328,0.003808981897237329,47.88605580052051,0.8860059287581941,0.5016861693097524,2.2824256922819153,0.00831591451406952,1,0,0,0,0,1,0,0
CLOV,2026-07-13 14:00:00-04:00,1.5023875419273343,0.004429674754803825,67.71987223531602,0.9432424006554334,0.5202670016323949,0.9180954094783167,0.006242568011453448,1,0,0,0,0,1,0,0
LCID,2026-07-13 14:00:00-04:00,1.2917959023304975,0.009066217941130272,66.98979217642636,0.8355958538060413,0.5538648991335124,2.531594356773563,0.01406516499019013,0,1,0,0,0,0,0,0
MARA,2026-07-13 14:00:00-04:00,1.1573973170951395,-0.0037205519057834646,41.371615860600556,0.7406848210903656,0.6887795143342519,2.8668261781805215,0.0019403519531774232,1,0,0,1,0,0,0,0
PLTR,2026-07-13 14:00:00-04:00,0.9851204142411882,-0.004993039891338813,54.20198210466602,-0.07089668794530035,0.31192002348276293,0.03680770369837632,-0.004920358515156505,0,0,0,1,0,0,0,0
SNDL,2026-07-13 14:00:00-04:00,0.9385673379511339,-0.003773581171086837,47.71148791627887,-0.4397767383010216,0.775902033305303,-0.1015923973300075,-0.003974187960038209,0,0,0,1,0,0,0,0
UPST,2026-07-13 14:00:00-04:00,0.6159928140260558,-0.007228144074235776,17.53770117297664,0.7152046366816587,0.5822437033529704,2.252788137880165,-0.002779734484491858,0,0,0,0,0,0,1,0
BBY,2026-07-13 14:15:00-04:00,1.2150261862381493,-0.0003643281592310421,44.46020091970296,-0.0839512474947397,0.6723427593887044,0.43935161398883327,0.00026466350448435983,0,0,0,0,0,0,0,1
DKNG,2026-07-13 14:15:00-04:00,0.33389806439689995,0.0019000279705803091,30.051877364047115,0.05534297219472073,0.30866730609640103,0.09331002531702351,0.00203361397822605,0,1,0,0,0,0,0,0
HOOD,2026-07-13 14:15:00-04:00,0.4807129225060825,-0.0003650717864265296,41.46156915415281,-0.724107159101282,0.752972253532068,1.3283798440079713,0.0015366848511394278,0,0,0,1,0,0,0,0
RIOT,2026-07-13 14:15:00-04:00,0.7801463649736274,0.004604766039220998,39.6863222337669,-0.3706186199204222,0.5546285571490936,2.2824256922819153,0.007872369224881921,1,0,0,0,0,1,0,0
MSTR,2026-07-13 14:15:00-04:00,0.532895335869295,0.0012016671318701988,48.8607885661112,-0.2737117265492588,0.42480752275384337,0.9515219617903551,0.002563900392776053,1,0,0,0,1,0,0,0
NIO,2026-07-13 14:15:00-04:00,0.23145506180742262,0.001013194427333941,49.899669308755655,-0.45007537835336686,0.7930364633912834,0.6051034573948112,0.001879482425985467,1,0,0,1,0,0,0,0
PLTR,2026-07-13 14:15:00-04:00,1.0327940274799485,-0.00011599110207827223,50.14304209842036,-0.2788315945034172,0.7863077588498835,0.03680770369837632,-6.329586197981727e-05,0,0,1,0,0,0,0,0
XPEV,2026-07-13 14:15:00-04:00,0.41137160502749504,-0.003487026518797509,39.11080000002004,0.7610856081326143,0.48599297762732613,0.465651662948567,-0.0028203827536119625,1,0,0,0,1,0,0,0
GME,2026-07-13 14:15:00-04:00,0.42562822040010234,-0.0015840619370807163,36.492631463791476,0.9197463361204836,0.4993958827758483,-0.03871322295164173,-0.0016394851874725024,0,0,0,0,0,1,0,0
SOFI,2026-07-13 14:15:00-04:00,0.7250449791831843,-0.0029522484431097062,32.48341702206872,0.2827039125092221,0.5045940151192629,1.4335418243536442,-0.0008999381103457329,1,0,0,0,0,1,0,0
SNDL,2026-07-13 14:15:00-04:00,2.001805908476021,-0.007920996688920656,39.41678104672044,-0.8992374640945624,0.7069999856338129,-0.1015923973300075,-0.008066440039947158,0,0,0,0,0,0,1,0
LCID,2026-07-13 14:15:00-04:00,0.6933409253430616,0.0027298168580813797,45.86697372709986,-0.6528167355608954,0.46474813016920435,2.531594356773563,0.0063541389172692584,0,0,1,0,0,0,0,0
CVNA,2026-07-13 14:15:00-04:00,0.5888120305950092,-0.0020132763517480834,30.19260073731388,-0.8185015600855434,0.47941662590919315,0.9903479173662751,-0.00059545844834753,1,0,1,0,0,0,0,0
RIVN,2026-07-13 14:15:00-04:00,0.5617813153740139,-0.008397529720870489,25.832249926076216,0.5151764368980014,0.5299986122106568,1.822067008178784,-0.005788992680411484,1,0,0,0,1,0,0,0
COIN,2026-07-13 14:15:00-04:00,0.6170611338838486,-0.006122003018989575,37.69076027189367,0.16643242542289927,0.3168612969626802,1.180207522978685,-0.004432375236202679,1,0,0,0,0,0,0,1
AFRM,2026-07-13 14:15:00-04:00,0.6910131000889267,-0.005937928789417901,33.888843528761114,0.3979568812380905,0.5238294070859202,2.0522024123265,-0.0029999215794505,1,0,0,0,0,0,1,0
NOK,2026-07-13 14:15:00-04:00,0.34382657517562965,-0.005104246621230546,24.23241921014062,0.37521986459094303,0.6488177307980878,2.5615877381723067,-0.001436984952250029,0,0,0,0,0,0,0,1
MARA,2026-07-13 14:15:00-04:00,1.4603126949764704,-0.0008336997896828402,33.86089394472886,0.2632649033558978,0.3720506345757228,2.8668261781805215,0.0032705522717252347,1,0,0,0,0,0,1,0
UPST,2026-07-13 14:15:00-04:00,0.953624256058301,-0.007736054267230341,13.515310671429361,0.621065438230338,0.4452949686218312,2.252788137880165,-0.004510881276561456,1,1,0,0,0,0,0,0
BB,2026-07-13 14:15:00-04:00,0.36481467321312533,-0.0029210583881321694,41.87234222327827,-0.2558490480480302,0.3916058413058715,1.739057807088343,-0.0004313603227335586,1,1,0,0,0,0,0,0
SNAP,2026-07-13 14:15:00-04:00,0.4760369394495711,-0.002114213285731581,46.88089658176399,0.05342530319728889,0.3239485876009007,1.041048571393518,-0.0006238104919774326,0,1,0,0,0,0,0,0
FUBO,2026-07-13 14:15:00-04:00,0.25847049003638606,-0.015392228169665012,31.996696167414214,0.1502452269766974,0.4183463941739095,1.085226461462807,-0.013838578710394291,0,1,0,0,0,0,0,0
SIRI,2026-07-13 14:15:00-04:00,0.48984887783012004,-0.0056392837606528134,27.849654786621343,-0.43424090783693803,0.6861501524584765,0.3055926595361118,-0.005201786254735562,0,0,0,0,0,1,0,0
CLOV,2026-07-13 14:15:00-04:00,0.7870677590926296,-0.0009523013915090361,47.66636830699274,0.4287612771930902,0.5771199935696179,0.9180954094783167,0.00036207720793299735,1,0,0,0,0,0,0,1
TLRY,2026-07-13 14:15:00-04:00,0.44310745547633174,0.01707425798688611,59.79813957562013,0.5987664115771907,0.4336000631415353,0.6908986821557885,0.01806337353286654,0,0,1,0,0,0,0,0
CHPT,2026-07-13 14:15:00-04:00,0.6708489961152111,-0.006677790213931889,32.58808107062825,0.8415885270801804,0.37735224292532915,2.5585271288915443,-0.0030149102239123565,1,0,1,0,0,0,0,0
PTON,2026-07-13 14:15:00-04:00,0.5089978127351997,-0.004970958364490352,34.88022337027485,0.332168848990809,0.3765011046043937,1.0715504237411495,-0.003436888015539682,0,0,0,0,0,1,0,0
LI,2026-07-13 14:15:00-04:00,0.7625848738811575,-0.003281375162423883,38.56008069543403,-0.36560065571043543,0.503483188695855,0.4085409671345793,-0.0026964931352910326,1,0,0,0,0,0,1,0
AMC,2026-07-13 14:15:00-04:00,0.9579718975240329,0.019021720644826434,67.8537368379464,0.18141363186501258,0.7050619389485406,1.5816693039335197,0.021286095635728395,0,1,0,0,0,0,0,0
COIN,2026-07-14 12:45:00-04:00,1.0957056458621979,0.020808393517626644,73.9167668308954,-0.47432383840872294,0.5068403435684332,1.2663470756125834,0.021452971829333367,0,0,0,0,0,0,1,0
BB,2026-07-14 12:45:00-04:00,0.5595110881897886,-0.00044131637021960213,69.94957065720119,0.8381376707920167,0.41555543430683506,1.7866474273044213,0.00046809796372194654,0,1,0,0,0,0,0,0
RIVN,2026-07-14 12:45:00-04:00,0.8253717518553964,-0.006605386107183531,36.18496801837422,0.5884211604049727,0.3116403473855624,1.9299691354418824,-0.00562302015796899,0,1,0,0,0,0,0,0
PLTR,2026-07-14 12:45:00-04:00,0.5231545740193888,0.015103260292416154,65.88225265587229,-0.9449073489390858,0.4848629045947707,0.19187730338859557,0.015200926999004655,0,0,0,0,0,0,1,0
NIO,2026-07-14 12:45:00-04:00,0.6006804874766257,-0.003952565445193956,47.69092835534426,0.516656699076397,0.4888117659492696,0.6399012950909825,-0.003626851820239151,0,0,0,0,0,0,1,0
PTON,2026-07-14 12:45:00-04:00,0.6069052560205953,0.002068417125040023,62.81740443754458,-0.5179695403346385,0.774472135316723,1.1699645712493498,0.002663936159762618,0,0,0,0,0,0,0,1
HOOD,2026-07-14 12:45:00-04:00,0.9692853257038561,0.018028560835112284,69.36189367607592,0.7233406042974946,0.7670335276293743,1.4962079540685551,0.018790139722582096,0,0,0,1,0,0,0,0
SIRI,2026-07-14 12:45:00-04:00,0.4267041292174194,0.002466319083057611,42.35632709104636,-0.1577179769901198,0.3486975454701792,0.2826577473269345,0.0026101935840309605,0,0,0,0,0,0,1,0
TLRY,2026-07-14 12:45:00-04:00,0.5629952343620344,0.0,39.08986782719592,0.752020469383778,0.3301375622665191,0.6636576378948432,0.00033780574695811265,0,0,1,0,0,0,0,0
LCID,2026-07-14 12:45:00-04:00,23.15410209398805,-0.08014564639839405,10.942511185271556,0.18968509485244445,0.5908221074300405,2.4653047654156994,-0.07889079137946847,0,1,0,0,0,0,0,0
CVNA,2026-07-14 12:45:00-04:00,0.7534571397420808,0.011058684803521679,79.85238184354873,0.554619482172404,0.4689553090180761,1.0495969251599684,0.01159293597922318,0,0,0,0,0,1,0,0
BBY,2026-07-14 12:45:00-04:00,0.4187760770604958,0.005714300555661023,71.72509318587538,0.06794360168135483,0.4931615469761759,0.5145370247291784,0.005976203009654607,0,0,0,1,0,0,0,0
SNDL,2026-07-14 12:45:00-04:00,0.05509488311134417,0.003831414124593202,49.85847741399467,-0.3358649828366995,0.6287901259232065,-0.1082362251811304,0.003776321232102403,0,0,0,1,0,0,0,0
GME,2026-07-14 12:45:00-04:00,0.5926088455282017,-0.0004474375262260022,57.007632977351754,0.13847951107745216,0.5881173036683636,-0.060926790651086936,-0.00047844963073659944,0,0,0,0,0,1,0,0
SNAP,2026-07-14 12:45:00-04:00,0.8870663242520304,0.01078742425645296,62.720908038372144,0.5733305726584068,0.43631809446690917,1.0172820967956513,0.011305226989297602,0,0,0,1,0,0,0,0
MARA,2026-07-14 12:45:00-04:00,1.2819052389363514,-0.02905211976708899,18.14139436838252,0.05195692632934401,0.5114967479635113,2.9210452857358886,-0.02756529007011376,1,1,0,0,0,0,0,0
UPST,2026-07-14 12:45:00-04:00,0.5214407305156022,0.008314685803507249,47.920304418845625,-0.820669306042362,0.48081861211435767,2.320774727988522,0.009495974160251655,0,0,0,0,0,0,1,0
AFRM,2026-07-14 12:45:00-04:00,0.27521807990577346,0.014969704367897796,61.699473175672885,0.6467054463216273,0.6657890281134738,2.0884038557830045,0.01603271454689729,0,0,0,0,0,0,0,1
CLOV,2026-07-14 12:45:00-04:00,0.8326714013602489,-0.003125071401394508,68.25016047180496,0.600264020745185,0.7376338026612858,0.8842573270463017,-0.002674979079977738,0,0,0,1,0,0,0,0
CHPT,2026-07-14 12:45:00-04:00,1.032370620850022,-0.01846152085524344,42.81562956506418,-0.9782322851517573,0.5506774045999612,2.5737065571487485,-0.01715148866945191,0,0,0,0,0,1,0,0
AMC,2026-07-14 12:45:00-04:00,0.4968443677466558,0.005037778534604964,70.15664826053703,-0.3295087147977802,0.6509877414367423,1.7381209673545395,0.005922492607275354,0,1,0,0,0,0,0,0
SOFI,2026-07-14 12:45:00-04:00,0.8269048235266895,0.007598442485439394,55.44235208565005,-0.4718299168376521,0.7758694788944427,1.556441187710704,0.008390680452712357,0,0,0,1,0,0,0,0
FUBO,2026-07-14 12:45:00-04:00,0.6104513793895486,0.01902751632663202,55.53518763958503,-0.5858989395949483,0.7510028086973332,1.0255361654037967,0.019549520430262455,0,0,0,0,0,0,0,1
MSTR,2026-07-14 12:45:00-04:00,0.5471679604945203,-0.00732410838241726,53.16092794672748,0.633947694297152,0.39503832635037234,1.0980861174957317,-0.006765175914885326,0,0,0,1,0,0,0,0
NOK,2026-07-14 12:45:00-04:00,0.42071809137287697,-0.008193209559377856,27.115157122691954,0.769381797154826,0.7479560223396615,2.5528501806925132,-0.006893793395199498,0,0,0,0,0,1,0,0
RIOT,2026-07-14 12:45:00-04:00,0.7024696076569573,-0.01955447736855398,31.779296163112605,0.5816969572635389,0.4426192579519631,2.2839557084103395,-0.01839193011520488,0,0,0,0,0,1,0,0
DKNG,2026-07-14 12:45:00-04:00,0.8873195207584309,-0.010086760293214203,19.84133402597881,-0.2917937610442336,0.583233073804325,0.05298414537124413,-0.010059791043133929,0,0,0,0,0,1,0,0
LI,2026-07-14 12:45:00-04:00,0.5898856351614371,-0.004408841963442156,50.894035481463305,-0.16208426518262709,0.7162559296645018,0.3949316247536183,-0.00420781938059287,0,0,0,0,0,1,0,0
XPEV,2026-07-14 12:45:00-04:00,0.46785532027038973,-0.003732750207252389,57.0246467746377,0.9038734442637892,0.6023312085174394,0.5063418058239586,-0.003475019169190285,0,0,1,0,0,0,0,0
SIRI,2026-07-15 12:30:00-04:00,0.6847422641955199,-0.004985547953836433,49.88986420096711,0.6002383214739615,0.4299033756985968,0.2659620365990306,-0.0038579386042782047,0,0,0,0,0,0,0,1
CHPT,2026-07-15 12:30:00-04:00,0.8268581375687039,-0.033057897487107635,13.493632544202441,-0.16933944770350418,0.5102499371894691,2.5918239057446684,-0.022069243219384728,1,0,0,1,0,0,0,0
RIVN,2026-07-15 12:30:00-04:00,0.4785499673836814,-0.009313894811065815,48.229111748006446,0.8144132951688487,0.7291898026223981,1.9988011159879062,-0.0008395017919848383,0,0,0,0,1,0,0,0
COIN,2026-07-15 12:30:00-04:00,0.42832123265064437,-0.0023344691341823376,47.61252044019606,0.04952793834765856,0.739774252230565,1.2629234077546543,0.003019995211821538,1,0,0,0,1,0,0,0
BBY,2026-07-15 12:30:00-04:00,0.8038193489326024,0.0006990278144447526,68.42671600703031,0.7463458724392906,0.4324249529400997,0.4704802886052874,0.002693740965983725,0,0,0,0,1,0,0,0
MSTR,2026-07-15 12:30:00-04:00,0.7037681167645871,-0.0071762440654546955,45.253116242309915,-0.20819076093581668,0.6793483452566205,1.0530508341805485,-0.002711584441975161,0,0,0,0,1,0,0,0
MARA,2026-07-15 12:30:00-04:00,0.677989228851558,-0.015451928562701056,33.01483319771178,-0.7086162208653461,0.46422624250625644,2.9981933684916093,-0.0027403742471820997,1,0,0,0,0,0,0,1
SOFI,2026-07-15 12:30:00-04:00,1.1070667211918168,-0.016192504541031938,12.072455945157841,0.7885629518744786,0.7080255532850679,1.5602326103918835,-0.009577527074845918,0,0,0,0,0,1,0,0
BB,2026-07-15 12:30:00-04:00,0.8034266333463107,-0.015610214438683712,26.448444102419955,0.8270259351523661,0.5824511096803213,1.8615204687084865,-0.007717855394696167,1,1,0,0,0,0,0,0
PTON,2026-07-15 12:30:00-04:00,0.5710914347874891,-0.015070367808610818,47.06486652262363,-0.8556270388295009,0.715428194468879,1.216446414731379,-0.009912953735429936,0,0,0,0,0,0,0,1
FUBO,2026-07-15 12:30:00-04:00,0.5239616837856156,-0.026162743417983636,47.254822065500576,-0.5502855651294754,0.7832905274134953,1.2862010685744942,-0.02070958788916306,0,0,0,1,0,0,0,0
SNAP,2026-07-15 12:30:00-04:00,0.5986697107237019,-0.008290147862020203,53.87693315299679,0.07927419703181582,0.3797183309339104,1.0848097529266325,-0.003690838744320052,0,0,0,0,0,0,1,0
NIO,2026-07-15 12:30:00-04:00,0.3222510974379274,-0.004916439563399044,42.79253154428248,0.2161220021739696,0.7519350722864315,0.7472177891272375,-0.0017484319185847733,0,0,0,0,0,0,0,1
CVNA,2026-07-15 12:30:00-04:00,0.4566426989189989,-0.0007154468278236514,51.18509803495757,0.9119128057093242,0.5839582313475742,1.0197997111342616,0.003608236746179953,0,0,0,1,0,0,0,0
AFRM,2026-07-15 12:30:00-04:00,0.7467330401359709,-0.005749953914685024,29.27061804466763,-0.9509766192715872,0.42256968631352093,2.0477629465862734,0.002932024437476555,0,1,0,0,0,0,0,0
NOK,2026-07-15 12:30:00-04:00,0.7342745948969265,-0.021180766534086293,8.973662231436307,-0.09710426453714405,0.43367366997149903,2.6810505814419154,-0.009813814539993132,1,0,0,0,0,0,0,1
AMC,2026-07-15 12:30:00-04:00,0.23840718539427042,-0.012195052453833122,50.14275072943511,0.5516489171471639,0.7647217887922257,2.084983603581581,-0.003355268268322914,0,1,0,0,0,0,0,0
HOOD,2026-07-15 12:30:00-04:00,0.9937744754113431,-0.010803257335398997,43.939450507386766,-0.49192575174139264,0.524542818767728,1.4501838656002048,-0.004654857712882176,0,0,1,0,0,0,0,0
TLRY,2026-07-15 12:30:00-04:00,2.1041826810849305,-0.029246368823497404,19.303691987804356,-0.7827220291380286,0.6069269313559873,0.6777407065779494,-0.026372925804764403,0,0,0,0,1,0,0,0
LI,2026-07-15 12:30:00-04:00,0.40972035655302114,-0.005845659369534295,53.3826236745011,-0.94693206321694,0.3259080201190179,0.382540543269522,-0.004223787696825915,0,0,0,0,0,0,0,1
RIOT,2026-07-15 12:30:00-04:00,0.4603878073634408,-0.009625153812595766,34.24668707931849,0.7984058668207963,0.5932526865031861,2.368774739113057,0.0004178304304831293,1,0,0,0,0,0,1,0
GME,2026-07-15 12:30:00-04:00,0.6087435850322405,-0.0023006271146850388,36.47783162770968,0.5462858363769836,0.7646579283837074,-0.05993741602324541,-0.0025547460542164977,0,0,0,1,0,0,0,0
CLOV,2026-07-15 12:30:00-04:00,0.5517534553624589,-0.012644877603083748,44.149755198600005,-0.8360615667109466,0.5609868888133174,0.8288523224007934,-0.009130760926532503,0,0,0,1,0,0,0,0
UPST,2026-07-15 12:30:00-04:00,0.48714992884181707,-0.013015553161308424,33.519336421829706,0.44629752632334063,0.36500388336189016,2.3244421301585514,-0.0031605275644583323,0,0,0,0,0,0,0,1
XPEV,2026-07-15 12:30:00-04:00,1.01045118391554,-0.0074468434801346906,55.35450427323393,-0.033172840422527106,0.5689979294280862,0.6105579645838057,-0.00485823768467715,0,0,1,0,0,0,0,0
PLTR,2026-07-15 12:30:00-04:00,0.3759216302188393,-0.0067683427502024385,43.964343894236855,0.9674568886622643,0.45886902389631673,0.23937826086413871,-0.005753441644454268,0,0,0,0,0,1,0,0
SNDL,2026-07-15 12:30:00-04:00,2.051117583249389,-0.01885936205355443,30.523167894878654,-0.9535337181019636,0.33142859388174917,-0.12448221211482353,-0.019387134016911688,0,0,1,0,0,0,0,0
DKNG,2026-07-15 12:30:00-04:00,0.4621824522296745,-0.012454449670151857,46.40504544386452,0.8740696278937856,0.42433406870589774,0.15443103403920977,-0.011799702548828329,0,0,0,1,0,0,0,0
LCID,2026-07-15 12:45:00-04:00,0.17037152655599525,-0.0036199059875642314,65.76149565532597,0.43032337578820323,0.37357700257840504,2.7444324429578977,0.001856214328694603,1,0,0,0,0,0,0,1
CHPT,2026-07-15 15:45:00-04:00,4.527784092459059,-0.016835000617720808,24.99737091928874,-0.5122048157117254,0.48592960512634026,2.5918239057446684,-0.02139967447499231,0,0,0,0,1,0,0,0
LCID,2026-07-16 09:30:00-04:00,0.8123355276752461,-0.020733356475830078,59.55031962116901,-0.09049992369963689,0.6667791773860845,2.914241762568168,-0.02443056943506486,1,0,0,0,0,0,0,1
UPST,2026-07-16 09:45:00-04:00,2.1043894897614495,-0.01581277630390232,19.966325518242826,-0.16934067323936275,0.7933065861659598,2.4417238550153355,-0.023577937983389342,0,0,0,0,0,0,1,0
RIOT,2026-07-16 09:45:00-04:00,2.0106983554280213,-0.05447277062069278,21.92717080610001,0.17242967804278098,0.5358377456127307,2.4704786339516787,-0.062329378147768164,0,0,0,0,0,0,0,1
SNAP,2026-07-16 09:45:00-04:00,1.9282395195360589,-0.03757825256202918,27.963289348955428,0.6946280512298291,0.5376662972033242,1.1278318693010776,-0.041164979535438684,1,0,0,0,0,0,0,1
XPEV,2026-07-16 09:45:00-04:00,2.6743650311201552,0.039507073090235156,80.78875578435938,-0.23788262148803874,0.498801956138396,0.5163440824909962,0.03786499744169144,0,0,0,0,1,0,0,0
GME,2026-07-16 09:45:00-04:00,1.0716832709925828,0.0031929729170236953,50.736887688094406,0.8452913939728972,0.5879671667391266,-0.010423961733662626,0.003226123163738293,0,0,0,0,0,0,1,0
AMC,2026-07-16 09:45:00-04:00,5.775184952947641,-0.012406994573640806,37.25016280451081,0.9511852763766064,0.6345550186101826,2.174376288264645,-0.019321938454676772,0,0,0,0,0,0,1,0
CLOV,2026-07-16 09:45:00-04:00,1.8643741386334673,0.010729655015467632,60.971696813905005,0.8459406888573271,0.7244149386567469,0.9762421092272271,0.007625013267834284,0,0,0,0,0,1,0,0
MSTR,2026-07-16 09:45:00-04:00,1.079500846952433,-0.02079233003938996,32.39313400802014,-0.8402604807390117,0.6995131489029129,1.2399386361317435,-0.024735578561301604,0,0,0,0,0,0,0,1
PTON,2026-07-16 09:45:00-04:00,0.9287493860685363,0.002375275748168093,60.315879039894995,0.6895721832770549,0.5210299967700309,1.2824396613672795,-0.0017031343858234784,0,0,0,0,0,0,1,0
DKNG,2026-07-16 09:45:00-04:00,0.6486727671036429,-0.008733672728814645,18.032681628662132,-0.18704630447905535,0.4390813379301024,0.24095672617394698,-0.009499962468195854,0,0,0,0,0,0,1,0
MARA,2026-07-16 09:45:00-04:00,1.751662427121474,-0.03180498056726011,31.66877980042854,-0.39031276965700434,0.5310131885651543,3.136203405012111,-0.04177872368716906,0,0,0,0,0,1,0,0
LI,2026-07-16 09:45:00-04:00,2.115868602293871,0.03269003322798225,86.95030696415388,-0.8042710831420432,0.6800581534500454,0.2501282311265468,0.03189457630056917,0,0,0,1,0,0,0,0
RIVN,2026-07-16 09:45:00-04:00,1.3410579848546231,-0.03131731877901711,19.063575563908756,0.3876814430075828,0.3707845082901255,2.0105950124463727,-0.037711406018467966,0,0,1,0,0,0,0,0
PLTR,2026-07-16 09:45:00-04:00,1.3031435257860498,-0.02486536731894229,29.18775483766204,-0.05614343742174843,0.5456110736241265,0.33796280440144383,-0.02594015544964742,0,0,0,0,0,0,1,0
BB,2026-07-16 09:45:00-04:00,2.583366034523867,-0.0963799294917701,13.233505259753471,-0.8753183490815399,0.31295741323338366,1.8160728166761952,-0.10215539792332354,0,0,0,0,0,0,0,1
SOFI,2026-07-16 09:45:00-04:00,0.850371153407677,-0.01760752584995895,13.072059962053913,0.6623378009573464,0.7091202097983678,1.6867021094885575,-0.022971570010156667,0,1,0,0,0,0,0,0
BBY,2026-07-16 09:45:00-04:00,0.8428788913507808,0.01158705331789367,71.50738006544934,0.44888040205014756,0.7655790414835266,0.5508621639132762,0.009835203387315911,0,1,0,0,0,0,0,0
SNDL,2026-07-16 09:45:00-04:00,1.2626134947422336,0.0,44.34219239893669,-0.5330847258292,0.6618207232985529,-0.10762126240540129,0.000342256762988127,0,0,1,0,0,0,0,0
SIRI,2026-07-16 09:45:00-04:00,0.6863306576582774,0.0012995129072905787,49.677504076023126,-0.7427888967115042,0.6085713443244716,0.28870575609539745,0.00038137186964845484,0,0,0,1,0,0,0,0
NOK,2026-07-16 09:45:00-04:00,1.653886415598074,-0.04755501703692677,20.79792170484218,0.07838361481773193,0.35293230082646765,2.645940923370053,-0.05596962912425906,0,0,0,1,0,0,0,0
HOOD,2026-07-16 09:45:00-04:00,2.1477339598737557,-0.0313776663589268,28.886750351479904,-0.286633895160731,0.7814205528796665,1.5776517887093033,-0.03639490906968481,0,0,0,1,0,0,0,0
CVNA,2026-07-16 09:45:00-04:00,0.8398993645703414,-0.00014122519867210137,55.31701423672128,0.6838774248777075,0.3370941940981708,1.1952250122948083,-0.0039422756101559825,0,0,0,0,1,0,0,0
FUBO,2026-07-16 09:45:00-04:00,0.8030239681336003,0.04590809016542918,80.45352679130639,-0.644969171888538,0.7204748295062477,1.4466802540274548,0.041307362672035386,0,1,0,0,0,0,0,0
AFRM,2026-07-16 09:45:00-04:00,0.8698208075928777,-0.0017806292831020754,47.86227434685756,-0.1706322309527304,0.5768410134804418,2.1531728825259164,-0.008628142167230346,0,0,0,0,0,0,1,0
TLRY,2026-07-16 09:45:00-04:00,1.3244878690157205,0.0045714242117744774,53.02828319484589,0.44162165768067974,0.5000095325955404,0.7155055703479549,0.0022959758948350706,0,0,0,1,0,0,0,0
NIO,2026-07-16 09:45:00-04:00,0.6368444918421446,0.008937453358032199,63.262869760584785,-0.27778311250816645,0.38192708707878836,0.7389086668954653,0.006587578595154285,0,1,0,0,0,0,0,0
COIN,2026-07-16 09:45:00-04:00,1.2721000980402581,-0.025664936343171574,37.11399022984727,-0.828836177216548,0.4411054320170748,1.3879704616760395,-0.030078955159889488,0,0,0,0,0,0,1,0
CHPT,2026-07-16 10:15:00-04:00,0.620940677001996,-0.029109601344550096,27.687140866706912,0.05175369487600512,0.44160515218644486,2.5469845959389743,-0.04280164695645173,0,1,0,0,0,0,0,0
NOK,2026-07-16 10:30:00-04:00,1.1064561807260336,-0.01835352687506031,15.723670564366245,-0.49179242320094807,0.42591535194394203,2.645940923370053,-0.03015465371361365,0,0,0,0,0,0,1,0
AFRM,2026-07-16 10:30:00-04:00,1.0721745546516475,0.032680588829013146,65.43371292781259,0.3844393133319466,0.46126207552350645,2.1531728825259164,0.023077250346437317,0,0,0,0,0,0,1,0
SNAP,2026-07-16 10:30:00-04:00,1.2638551326557825,0.041712418085811276,52.87648676182426,0.5254404969098398,0.3737825471635728,1.1278318693010776,0.036682189774729944,0,1,0,0,0,0,0,0
TLRY,2026-07-16 10:30:00-04:00,0.5088253662261487,0.008046051727953696,48.610261168361845,0.10524608416148151,0.5095931025224223,0.7155055703479549,0.004854834601830905,0,0,0,0,0,0,0,1
CVNA,2026-07-16 10:30:00-04:00,1.0800440034904457,0.051804040538716345,70.47539767459142,0.68712778064695,0.4301713605724703,1.1952250122948083,0.04647323294353489,0,0,0,0,1,0,0,0
MARA,2026-07-16 10:30:00-04:00,0.6446997412074277,-0.015713229094303505,33.298285048019,-0.8696111745779331,0.741490928744333,3.136203405012111,-0.029700969276692524,1,0,1,0,0,0,0,0
UPST,2026-07-16 10:30:00-04:00,1.1521173771928404,0.010010408409359073,49.88574507504802,-0.7211259900272955,0.49624354191390724,2.4417238550153355,-0.0008798925279182822,0,0,0,0,0,0,1,0
GME,2026-07-16 10:30:00-04:00,1.0710378690819784,0.0011190518513661818,62.173949793153746,0.5290353231374605,0.31760140342250437,-0.010423961733662626,0.0011655436280693817,0,0,0,0,0,1,0,0
SNDL,2026-07-16 10:30:00-04:00,3.9770496640352584,-0.021815087059522065,25.829678166563383,-0.1723421859515275,0.3779424728156228,-0.10762126240540129,-0.021335086861122416,1,0,0,0,0,0,1,0
CLOV,2026-07-16 10:30:00-04:00,0.5881876762287815,-0.015889790804861748,37.050018301631226,0.12045771195976074,0.5514479283179305,0.9762421092272271,-0.020243915590631233,0,0,0,1,0,0,0,0
BBY,2026-07-16 10:30:00-04:00,0.6180644379805308,0.007182608303683891,73.4237850921779,0.9078550561299832,0.4348866462105792,0.5508621639132762,0.004725715101918573,0,0,1,0,0,0,0,0
LCID,2026-07-16 10:30:00-04:00,0.6294989761922857,0.11258424548041046,79.53885570863049,-0.029036804984041487,0.5902022548073425,2.914241762568168,0.0995864735443413,1,1,0,0,0,0,0,0
HOOD,2026-07-16 10:30:00-04:00,0.9955087426724021,0.024555396796370532,46.06025350528254,-0.20452468897805898,0.446778284085435,1.5776517887093033,0.01751893248940642,0,0,0,0,0,1,0,0
BB,2026-07-16 10:30:00-04:00,0.7233029792940727,-0.023032543181269793,19.264445958329063,-0.15601362617641112,0.6766634806495038,1.8160728166761952,-0.03113238602672067,0,0,1,0,0,0,0,0
DKNG,2026-07-16 10:30:00-04:00,0.865130993870858,-0.0031910620135575662,34.02286155393553,0.6583897929692331,0.5876184488719371,0.24095672617394698,-0.004265749986771858,0,1,0,0,0,0,0,0
FUBO,2026-07-16 10:30:00-04:00,0.3795469033242611,-0.010047803268209976,60.667303972831306,0.11633178457723226,0.7152652452554848,1.4466802540274548,-0.016500123129858248,0,0,0,0,0,0,0,1
MSTR,2026-07-16 10:30:00-04:00,0.6729794611519249,0.012473471239890399,36.91491020732545,0.941053569844309,0.4449953274810243,1.2399386361317435,0.006943236990224553,0,0,0,0,1,0,0,0
SOFI,2026-07-16 10:30:00-04:00,0.49610325701229496,0.0119420530426253,43.1530562154913,0.010215396505557583,0.4825670346105109,1.6867021094885575,0.0044192148125193976,0,0,0,1,0,0,0,0
SIRI,2026-07-16 10:30:00-04:00,1.5613532454756223,0.00845507415050406,72.16176993964581,0.5771214000833724,0.758411036146688,0.28870575609539745,0.007167421347446474,0,0,0,0,1,0,0,0
NIO,2026-07-16 10:30:00-04:00,0.22926145144083934,0.007936500427734305,59.467074980334885,0.7027600854994644,0.6101294351268041,0.7389086668954653,0.004640903453848204,0,0,0,0,0,0,1,0
XPEV,2026-07-16 10:30:00-04:00,0.8296913023419357,0.006661943326065511,72.68819974772317,-0.5537441426185776,0.6605622916187716,0.5163440824909962,0.004359003772127298,0,0,1,0,0,0,0,0
PLTR,2026-07-16 10:30:00-04:00,0.7204077395454126,0.02600644215420478,52.127725326398064,-0.156278127894929,0.3291904080865552,0.33796280440144383,0.024499098628040634,0,0,0,0,0,0,0,1
PTON,2026-07-16 10:30:00-04:00,0.5151830878242875,0.0103011185118691,73.99431538569735,0.9324312409570388,0.554180540651964,1.2824396613672795,0.004581325990080423,0,1,0,0,0,0,0,0
LI,2026-07-16 10:30:00-04:00,0.8410295929691174,0.008474623592522157,79.59232139607474,0.9404183845255298,0.4658903244542448,0.2501282311265468,0.0073590299088703865,0,0,0,0,0,0,1,0
RIOT,2026-07-16 10:30:00-04:00,1.7883322999060818,-0.00709407377880833,27.75723742528534,-0.9833954700258392,0.5385537262239206,2.4704786339516787,-0.018112623533149273,1,0,0,0,0,0,0,1
RIVN,2026-07-16 10:30:00-04:00,0.5527023764711234,-0.0023080789587307526,30.30443976186362,-0.24790778675724323,0.45424704515859304,2.0105950124463727,-0.011275507729824275,0,0,1,0,0,0,0,0
AMC,2026-07-16 10:30:00-04:00,0.551540206361667,-0.04928392777352164,38.75194029674494,0.6536142834314902,0.672831552780877,2.174376288264645,-0.05898183529137787,0,0,0,0,0,0,0,1
COIN,2026-07-16 10:30:00-04:00,0.5313186976576632,0.02611743869971872,48.01110363460762,0.6729882848010569,0.6275951408314557,1.3879704616760395,0.01992696962244916,0,0,0,0,0,0,0,1
CHPT,2026-07-16 10:30:00-04:00,0.7302966640590112,0.0017620707856544904,30.73735071658757,0.6182914570986342,0.6589379638529489,2.5469845959389743,-0.009597702218738338,0,0,1,0,0,0,0,0
LCID,2026-07-16 10:45:00-04:00,1.245281464123987,0.10509298324670979,84.83022203007513,-0.5161081217271832,0.5543647929398274,2.914241762568168,0.09870444836091335,0,0,0,0,0,1,0,0
BBY,2026-07-16 11:00:00-04:00,0.5429876221323697,0.0016175549937844647,64.18599744359067,-0.5578417380169396,0.38674582116097383,0.5508621639132762,0.002931782140409853,0,0,0,0,0,1,0,0
NIO,2026-07-16 11:00:00-04:00,0.6221100210519328,-0.006876291394897649,42.752113059288305,-0.13105895861088857,0.5705858920455944,0.7389086668954653,-0.005113429661914879,0,0,1,0,0,0,0,0
CVNA,2026-07-16 11:00:00-04:00,0.631048326975266,-0.018180594609658374,48.26149259737739,-0.4386167414929045,0.6563452293203846,1.1952250122948083,-0.015329069744845195,0,0,1,0,0,0,0,0
BB,2026-07-16 11:00:00-04:00,0.9388119843078654,-0.015905565396761356,22.358836591828137,-0.019657379425951582,0.6202283113224918,1.8160728166761952,-0.011572844160346873,0,0,0,0,0,0,0,1
SIRI,2026-07-16 11:00:00-04:00,0.8544573863212127,0.006283218810470892,71.03769656995412,0.312674256729377,0.7443717281701832,0.28870575609539745,0.006972002624106191,0,0,0,0,1,0,0,0
PLTR,2026-07-16 11:00:00-04:00,0.49189137211680256,0.007039864695614462,47.642378992908505,-0.7444772779849571,0.7311333514551046,0.33796280440144383,0.007846164204258786,0,0,1,0,0,0,0,0
COIN,2026-07-16 11:00:00-04:00,0.45776211047555143,-0.0035493655104126276,42.49955360352247,0.8479250481401499,0.48025852842537636,1.3879704616760395,-0.00023799548185499597,0,0,0,0,0,1,0,0
TLRY,2026-07-16 11:00:00-04:00,0.5756868491543485,-0.0022701994110168044,51.97519484562637,0.7459480848789817,0.5335223094982824,0.7155055703479549,-0.0005631719444126474,0,0,1,0,0,0,0,0
RIVN,2026-07-16 11:00:00-04:00,0.9039855664439849,-0.01531788447023441,21.427779053354485,0.3249324649800316,0.6120382721374815,2.0105950124463727,-0.010521079172416514,1,0,1,0,0,0,0,0
SNDL,2026-07-16 11:00:00-04:00,2.6726648118996805,-0.034277470145804956,31.14533339675718,0.10212916071605149,0.41910271748867345,-0.10762126240540129,-0.03453422908456107,1,1,0,0,0,0,0,0
AFRM,2026-07-16 11:00:00-04:00,0.44457175661781484,-9.129547348130096e-05,53.688159250130376,-0.23674081529718816,0.4016573809122899,2.1531728825259164,0.00504566698095711,0,1,0,0,0,0,0,0
FUBO,2026-07-16 11:00:00-04:00,0.48945181548419536,0.009643238435227408,63.63615017468657,0.32456460868942294,0.6485344346675822,1.4466802540274548,0.01309467617570202,0,0,0,0,0,0,0,1
PTON,2026-07-16 11:00:00-04:00,0.9369212608357518,0.009448810028448884,81.29402629926169,0.8152118942285498,0.6927489049926827,1.2824396613672795,0.012508408467566385,0,0,1,0,0,0,0,0
MSTR,2026-07-16 11:00:00-04:00,0.4966713958437511,-0.020725422944835148,28.49980763689011,0.10002516668208417,0.7903130921394858,1.2399386361317435,-0.01776722192377075,1,0,0,0,0,1,0,0
CLOV,2026-07-16 11:00:00-04:00,1.290655490862862,-0.011739557953119761,32.73182632830847,0.8828706248423905,0.5873973050101142,0.9762421092272271,-0.009410474625793551,0,0,0,0,0,1,0,0
AMC,2026-07-16 11:00:00-04:00,0.922241298099508,-0.016287265595237743,37.08631785618992,0.9108678402796926,0.3993886452169166,2.174376288264645,-0.011099716817671253,1,0,1,0,0,0,0,0
DKNG,2026-07-16 11:00:00-04:00,0.4195581881500216,0.005641724224679789,34.68370105001566,-0.3317597964734218,0.7827885460122428,0.24095672617394698,0.006216590119353282,0,0,0,1,0,0,0,0
HOOD,2026-07-16 11:00:00-04:00,1.3662621905086816,-0.01930518692822314,34.93768695302791,-0.47769184834004363,0.3558698568217619,1.5776517887093033,-0.01554128200886061,1,0,1,0,0,0,0,0
UPST,2026-07-16 11:00:00-04:00,0.7238065841704376,-0.0038196799008348714,37.417778289913116,0.9210699929692958,0.7776723465635641,2.4417238550153355,0.0020056970900763187,0,1,0,0,0,0,0,0
XPEV,2026-07-16 11:00:00-04:00,1.7234590836277794,-0.010045060862389765,62.97308583780907,-0.999935390514753,0.6815190186164504,0.5163440824909962,-0.00881318571346253,0,0,0,0,0,1,0,0
MARA,2026-07-16 11:00:00-04:00,0.5776360130873132,-0.01774398288720691,30.458938456948815,0.9771588245337521,0.38449866168962443,3.136203405012111,-0.010261741553139208,1,0,0,0,0,0,0,1
GME,2026-07-16 11:00:00-04:00,0.708325121590067,0.004489355025018238,63.33695070593616,0.5935776666255819,0.6495801469826656,-0.010423961733662626,0.004464485911865786,0,0,0,0,1,0,0,0
RIOT,2026-07-16 11:00:00-04:00,0.7068329932465981,-0.02216423749520302,26.132462809788194,-0.8827803934278899,0.4291151749271954,2.4704786339516787,-0.016270258386468207,1,0,1,0,0,0,0,0
NOK,2026-07-16 11:00:00-04:00,1.38218995809084,-0.021658629871423307,14.294864158504652,0.5737419746402044,0.5709470566784839,2.645940923370053,-0.015346039140636755,0,0,0,0,1,0,0,0
SOFI,2026-07-16 11:00:00-04:00,0.5323944158512204,-0.0038897481760085117,33.17646460499836,0.6341397081705666,0.5297980506235742,1.6867021094885575,0.0001343250782024144,0,0,0,1,0,0,0,0
SNAP,2026-07-16 11:00:00-04:00,0.9531121586395138,0.016059916068493107,52.027738524028145,-0.42489113304245074,0.7576292216326325,1.1278318693010776,0.0187506567956019,0,0,0,0,0,0,0,1
LI,2026-07-16 11:00:00-04:00,1.0670546660746574,-0.001906185205228006,73.74495388987086,0.06773201001407059,0.7542997000632703,0.2501282311265468,-0.0013094382637632634,0,0,0,0,0,0,1,0
CHPT,2026-07-16 11:15:00-04:00,0.533683587307228,0.011657869427691203,43.9960812517668,-0.5849504250222246,0.615273071845411,2.5469845959389743,0.01499820983289101,0,0,1,0,0,0,0,0
NOK,2026-07-16 11:30:00-04:00,1.5034528471075532,0.0014374115040991509,25.60929265202958,0.7757224439753565,0.755635141774063,2.645940923370053,0.006599582564595128,0,0,0,1,0,0,0,0
SIRI,2026-07-16 11:30:00-04:00,0.5163831726924996,0.004015419318017077,72.4881078677709,-0.20923721254016003,0.628447624871765,0.28870575609539745,0.004578677736204306,0,0,1,0,0,0,0,0
LCID,2026-07-16 11:30:00-04:00,0.37229479076975946,0.018831023513103284,67.97726897404578,0.542209099317051,0.4418827661410805,2.914241762568168,0.024516643459166685,0,0,0,0,0,0,1,0
BB,2026-07-16 11:30:00-04:00,0.8191050644332084,0.0031365068438722332,26.115700304017963,0.62927436942754,0.7202961799085643,1.8160728166761952,0.00667962394644865,0,1,0,0,0,0,0,0
SNAP,2026-07-16 11:30:00-04:00,0.8956022362440547,0.004214959201027879,56.14499364951776,0.7284014037967577,0.5326852619794332,1.1278318693010776,0.006415333739018593,0,0,0,1,0,0,0,0
PLTR,2026-07-16 11:30:00-04:00,0.4239200279495235,-0.003731853141529018,47.016843173246436,-0.9809863787366437,0.4415219316216213,0.33796280440144383,-0.003072495333122954,0,1,0,0,0,0,0,0
AFRM,2026-07-16 11:30:00-04:00,0.616682843578378,-0.013648958097861708,45.17822489024379,-0.38575753249893374,0.5041659326735619,2.1531728825259164,-0.009448166370333981,0,1,0,0,0,0,0,0
CLOV,2026-07-16 11:30:00-04:00,0.9308954759450088,-0.016146352975910383,19.91721093568377,-0.5461829371200022,0.5350642848484738,0.9762421092272271,-0.014241726640613503,0,0,0,0,1,0,0,0
SNDL,2026-07-16 11:30:00-04:00,1.1481478571611696,0.011904750641601458,42.88346528608271,-0.6899289791699872,0.6959414801751972,-0.10762126240540129,0.011694783986119367,1,0,1,0,0,0,0,0
LI,2026-07-16 11:30:00-04:00,0.6549586063190229,0.0034377445201976276,76.4581769444808,-0.7114931993337514,0.5939081578702661,0.2501282311265468,0.00392573905731297,0,0,0,1,0,0,0,0
UPST,2026-07-16 11:30:00-04:00,0.45927652760585647,-0.008248738106150455,38.68691191560632,0.22981977404272524,0.47133473972175666,2.4417238550153355,-0.003484989939759515,0,1,0,0,0,0,0,0
HOOD,2026-07-16 11:30:00-04:00,1.459984989757983,-0.026169717830713535,30.6849246808612,0.19982230089973174,0.4856656595673684,1.5776517887093033,-0.02309175477595191,1,0,0,0,0,0,0,1
RIOT,2026-07-16 11:30:00-04:00,0.5518946910194129,-0.010320174125430959,27.15462950035284,-0.09223299884436953,0.38975767783589477,2.4704786339516787,-0.005500326033918829,1,0,0,0,0,0,0,1
XPEV,2026-07-16 11:30:00-04:00,0.4881434297659465,-0.00417969124734896,62.391303643009735,0.24051349500161412,0.47668945807465407,0.5163440824909962,-0.003172315588901356,0,0,0,1,0,0,0,0
DKNG,2026-07-16 11:30:00-04:00,0.4559964989975478,-0.0008003384532554447,37.232820627877246,0.04092134685614712,0.5983707403772862,0.24095672617394698,-0.00033023731543308665,0,0,0,0,0,1,0,0
TLRY,2026-07-16 11:30:00-04:00,0.14768294854634964,0.004560998832972452,56.27126582936751,0.6103966753424663,0.7724001434457587,0.7155055703479549,0.005956934062006026,0,0,0,1,0,0,0,0
NIO,2026-07-16 11:30:00-04:00,0.3532051216708688,-0.004921278689546393,42.752113059288305,0.8329616624538232,0.3773847565067474,0.7389086668954653,-0.003479684547021403,0,0,1,0,0,0,0,0
CVNA,2026-07-16 11:30:00-04:00,0.41232290142711203,-0.026176228557470038,44.40244107557757,0.4250109523834853,0.3478918817695707,1.1952250122948083,-0.02384437151759678,0,0,0,0,0,0,0,1
COIN,2026-07-16 11:30:00-04:00,0.4933563120915087,-0.0056696499585576765,44.5625977076849,0.944492882417719,0.6649750720113112,1.3879704616760395,-0.0029617508944464756,0,0,1,0,0,0,0,0
SOFI,2026-07-16 11:30:00-04:00,0.6960292008377501,-0.011239154935766993,27.78615552326943,0.9302475114595361,0.5615111355511235,1.6867021094885575,-0.007948437164869275,0,1,0,0,0,0,0,0
GME,2026-07-16 11:30:00-04:00,1.553606596826484,0.0041850802779297425,70.0515881864211,0.415933122604879,0.5090960825751413,-0.010423961733662626,0.004164743363706921,0,0,0,0,0,0,0,1
MSTR,2026-07-16 11:30:00-04:00,0.3974000457025372,-0.008006684802956299,38.45656882555541,-0.6112280525701137,0.4313053134947974,1.2399386361317435,-0.005587592491523408,1,1,0,0,0,0,0,0
FUBO,2026-07-16 11:30:00-04:00,0.3523827714602708,0.004291856967477914,55.731631573957166,0.9531736832758515,0.49566956977220583,1.4466802540274548,0.007114297512227388,0,0,0,0,0,1,0,0
RIVN,2026-07-16 11:30:00-04:00,0.35032895398152647,-0.011278287556233169,30.381536021059574,0.7291269972210799,0.5100095828723996,2.0105950124463727,-0.0073556620372897,1,1,0,0,0,0,0,0
MARA,2026-07-16 11:30:00-04:00,0.7249925538352775,-0.013253504661465576,27.803100129625236,0.8107887314565814,0.53244288855512,3.136203405012111,-0.007134842557490008,1,0,1,0,0,0,0,0
PTON,2026-07-16 11:30:00-04:00,1.7803338701178717,0.006274503820082655,78.91561959208198,0.5311395027024555,0.35950914359157,1.2824396613672795,0.008776514673110516,0,0,1,0,0,0,0,0
BBY,2026-07-16 11:30:00-04:00,0.6112746868142551,-0.007533917194657458,49.19089794576804,0.15111672262343667,0.31022902927288426,0.5508621639132762,-0.006459197537933814,0,0,1,0,0,0,0,0
AMC,2026-07-16 11:30:00-04:00,0.6576865512429538,-0.005037778534604964,37.7787352759694,0.2657638719123794,0.35672442325221193,2.174376288264645,-0.0007956194407382315,1,0,0,1,0,0,0,0
CHPT,2026-07-16 11:45:00-04:00,1.2732773514453377,0.0008748272038969773,41.70516699862967,-0.02809617453396762,0.5751152487510256,2.5469845959389743,0.007045813290398844,0,0,0,0,0,1,0,0
CVNA,2026-07-16 12:00:00-04:00,0.2639749181626724,-0.010631518128662032,38.77196799120937,0.20575513303726112,0.7456997292300629,1.1952250122948083,-0.00654518552259389,0,1,0,0,0,0,0,0
BB,2026-07-16 12:00:00-04:00,0.9356855347312225,-0.0042127741838476895,24.835270689186544,0.26128788539856007,0.5501689496459524,1.8160728166761952,0.001996163455040594,0,0,0,0,0,0,1,0
BBY,2026-07-16 12:00:00-04:00,0.5608813465571656,-0.011420065351055997,35.43159783307101,-0.5463873945025326,0.7273041771791905,0.5508621639132762,-0.00953673292520073,0,0,0,0,1,0,0,0
DKNG,2026-07-16 12:00:00-04:00,0.7001808335509632,-0.006010804207127296,27.223620571915745,-0.009296572748194842,0.36965034294061305,0.24095672617394698,-0.005187001729194238,0,0,1,0,0,0,0,0
AFRM,2026-07-16 12:00:00-04:00,0.889577311066358,-0.011443906116277769,38.55673739855208,0.3153352721526894,0.48273675295237667,2.1531728825259164,-0.004082463320268772,0,0,0,0,0,0,1,0
HOOD,2026-07-16 12:00:00-04:00,1.26386874125582,-0.01452845304776551,28.110882574706253,0.9703146636494198,0.3292473654928131,1.5776517887093033,-0.009134648635283541,1,0,0,1,0,0,0,0
COIN,2026-07-16 12:00:00-04:00,0.7012104576707618,0.008383009751362192,50.674729898928184,-0.31704959607867345,0.4996179934391226,1.3879704616760395,0.0131283161961434,0,0,1,0,0,0,0,0
MSTR,2026-07-16 12:00:00-04:00,0.40027219463174707,0.007963259517415722,41.05026329612377,-0.6094791213306117,0.6206964026759073,1.2399386361317435,0.012202462701944672,1,0,0,0,1,0,0,0
LCID,2026-07-16 12:00:00-04:00,0.44942811001285216,0.006787341706967709,64.89157089490534,-0.06459249367825426,0.5794124667619737,2.914241762568168,0.016750788768273427,0,0,0,0,0,1,0,0
UPST,2026-07-16 12:00:00-04:00,1.1210258460739853,-0.01247519143265885,24.630914293521087,0.6851925870339624,0.6868422244990962,2.4417238550153355,-0.004127227073540738,0,0,1,0,0,0,0,0
RIVN,2026-07-16 12:00:00-04:00,1.578722020016102,-0.009392418482258802,22.573808328999334,-0.19969334081125267,0.753773298522384,2.0105950124463727,-0.0025184325194122633,1,0,0,0,0,0,1,0
TLRY,2026-07-16 12:00:00-04:00,0.47447231974834575,-0.0068259863341398885,37.662226966708545,-0.7449413198626842,0.5343672405571722,0.7155055703479549,-0.004379757622507922,0,0,1,0,0,0,0,0
RIOT,2026-07-16 12:00:00-04:00,0.7983267326661657,-0.010933329264322889,23.474282228843123,0.15426233100692976,0.7082686806100422,2.4704786339516787,-0.002487055725310475,1,0,0,1,0,0,0,0
SOFI,2026-07-16 12:00:00-04:00,0.8939179599552554,-0.007357054906921512,26.326635311220926,0.3521648931627992,0.6968027663947809,1.6867021094885575,-0.0015904203771657391,0,0,0,1,0,0,0,0
PTON,2026-07-16 12:00:00-04:00,0.9006940567823003,-0.0007799746837401367,69.02989286077015,0.3052494013503593,0.31528682831713933,1.2824396613672795,0.003604534466966551,0,0,0,0,0,0,1,0
FUBO,2026-07-16 12:00:00-04:00,0.685680078351811,-0.007640871219266709,54.08600845485141,-0.20026318874356708,0.7059290629071595,1.4466802540274548,-0.0026948429553190333,0,0,0,0,0,0,0,1
CHPT,2026-07-16 12:00:00-04:00,0.530474458802469,0.00616202910335395,40.831999112665045,-0.1705922357200409,0.5735625580335123,2.5469845959389743,0.014869867455528242,0,0,0,0,1,0,0,0
PLTR,2026-07-16 12:00:00-04:00,0.5716488675634159,0.003287466252385407,50.69053190531988,-0.3303567975984756,0.5234495548180425,0.33796280440144383,0.004442921010324502,0,0,0,0,0,0,0,1
SNAP,2026-07-16 12:00:00-04:00,1.28840464941305,0.0021075298467909676,53.51377576792593,-0.28034142062018996,0.6951097185317141,1.1278318693010776,0.005963453287381598,0,0,0,0,0,1,0,0
NIO,2026-07-16 12:00:00-04:00,0.7961061310571066,-0.003956475095091561,30.3315437575055,-0.3207556616007887,0.37327887976540103,0.7389086668954653,-0.001430233971134454,0,0,1,0,0,0,0,0
MARA,2026-07-16 12:00:00-04:00,1.1739666002901787,-0.008172065980972754,29.84350236165129,0.02197678872328157,0.550775260207588,3.136203405012111,0.002550241619131163,1,0,0,0,0,1,0,0
AMC,2026-07-16 12:00:00-04:00,0.5672411211285457,0.005063286249386678,43.36705556931261,-0.8906396236334555,0.4289402298423794,2.174376288264645,0.0124972209756503,0,0,0,0,1,0,0,0
XPEV,2026-07-16 12:00:00-04:00,0.9853857670327473,-0.0013995454263641127,54.24097541129206,0.8319751990589124,0.5137813540142615,0.5163440824909962,0.0003657737717191224,0,0,1,0,0,0,0,0
LI,2026-07-16 12:00:00-04:00,0.6003269443430432,0.0034377445201976276,72.14891209352774,-0.48460582083055326,0.5783972595318843,0.2501282311265468,0.004292903286150936,0,1,0,0,0,0,0,0
GME,2026-07-16 12:00:00-04:00,2.084799379986979,-0.0029050518014577253,42.60927768708179,-0.9349174852765143,0.6155741193193733,-0.010423961733662626,-0.00294069009071582,0,0,0,1,0,0,0,0
CLOV,2026-07-16 12:00:00-04:00,0.5150019402831956,-0.01619876549643484,21.294490619573523,0.5006437475514254,0.6610347567853687,0.9762421092272271,-0.012861109472409146,0,0,0,0,1,0,0,0
SIRI,2026-07-16 12:00:00-04:00,1.2212469048412715,-0.0027217126390828295,56.90664110313443,0.10331357181730194,0.6381030699792591,0.28870575609539745,-0.0017346618891766787,0,0,0,1,0,0,0,0
NOK,2026-07-16 12:00:00-04:00,0.8492564718509855,0.0004528444169353829,21.818934800709812,-0.5473774818082346,0.5388831340541234,2.645940923370053,0.009499002719912907,0,0,0,0,0,1,0,0
SNDL,2026-07-16 12:00:00-04:00,3.5762924325125396,0.03162052356155143,66.34484134421442,0.03649734698276497,0.32489615763060486,-0.10762126240540129,0.03125257922542258,0,1,0,0,0,0,0,0
LCID,2026-07-16 12:15:00-04:00,0.319651445381632,-0.00890867729622924,64.89157089490534,-0.7088584798293778,0.6603571353304535,2.914241762568168,0.0017877325629152199,0,0,1,0,0,0,0,0
GME,2026-07-16 12:45:00-04:00,1.5028295663646147,-0.012700527657277028,26.05092676435943,-0.766083763311713,0.48598067702511377,-0.010423961733662626,-0.012712834791968752,0,0,1,0,0,0,0,0
PLTR,2026-07-16 12:45:00-04:00,0.7625806098828694,0.0028824504907625226,62.03606019208323,-0.3840586219195836,0.6103500517501401,0.33796280440144383,0.0032814690079861243,0,0,0,0,0,0,1,0
SNDL,2026-07-16 12:45:00-04:00,0.14804301503796855,0.020622558238841737,69.46681019072206,-0.13085380812713066,0.7739264471325098,-0.10762126240540129,0.020495494325335664,0,1,0,0,0,0,0,0
XPEV,2026-07-16 12:45:00-04:00,0.5019522222257372,-0.012860647665841496,46.183584104046005,-0.6099427910424045,0.7924359996757732,0.5163440824909962,-0.012251021850546131,0,0,0,0,1,0,0,0
COIN,2026-07-16 12:45:00-04:00,0.707359521087172,-0.003910171696267839,51.40826380505336,0.613387209592333,0.7730446017296186,1.3879704616760395,-0.0022714531498615378,0,0,1,0,0,0,0,0
UPST,2026-07-16 12:45:00-04:00,0.6826102321443289,-0.000482761177848845,38.950220428293385,-0.3091999059599535,0.5370572140209948,2.4417238550153355,0.002400079831306757,0,0,1,0,0,0,0,0
DKNG,2026-07-16 12:45:00-04:00,0.3714858893801912,0.007656603772714821,51.663151385374036,-0.9677417285962175,0.447059922770783,0.24095672617394698,0.007941091279448774,0,1,0,0,0,0,0,0
PTON,2026-07-16 12:45:00-04:00,0.5694955403196362,-0.000781267869751634,60.536886500542124,0.9495359432204091,0.7916672037341939,1.2824396613672795,0.000732854884123004,0,0,0,0,0,0,1,0
NIO,2026-07-16 12:45:00-04:00,0.17706748804927364,-0.008901998216600648,27.00824847618982,-0.05399227206891566,0.4244080883941341,0.7389086668954653,-0.008029599725439835,0,0,0,0,0,0,1,0
BBY,2026-07-16 12:45:00-04:00,0.3232144893072952,0.0008141392427449823,49.52951648045434,0.028867471629023367,0.5129815620453904,0.5508621639132762,0.0014645191099275528,0,0,0,1,0,0,0,0
RIVN,2026-07-16 12:45:00-04:00,0.7236816350300933,-0.019272557712542326,17.949651504922215,-0.44208953925214667,0.3044956955089879,2.0105950124463727,-0.016898732456758964,0,0,0,1,0,0,0,0
SOFI,2026-07-16 12:45:00-04:00,1.1635208222195264,-0.0038308046313452193,37.33312011558623,-0.223516466080119,0.6678922174077808,1.6867021094885575,-0.001839386149900135,0,0,0,0,1,0,0,0
CHPT,2026-07-16 12:45:00-04:00,0.3448152775298947,-0.0026223543768859603,40.460951461321024,-0.2546793653541324,0.6058741876579591,2.5469845959389743,0.0003847635770050095,0,0,1,0,0,0,0,0
NOK,2026-07-16 12:45:00-04:00,0.7821503386264326,-0.006708255456026713,26.071875580504184,-0.14555927783588585,0.31290921480417355,2.645940923370053,-0.0035843039141574043,0,0,0,0,0,0,1,0
MARA,2026-07-16 12:45:00-04:00,0.8857532846075885,0.0004260813888428139,32.055388195835576,0.6502311514294998,0.7993165644383282,3.136203405012111,0.004128865293112597,0,0,0,0,0,0,1,0
MSTR,2026-07-16 12:45:00-04:00,0.5105726209039351,-0.0022687314860481145,46.31822702675402,-0.18757950586153815,0.5067422990682093,1.2399386361317435,-0.0008047879112106535,0,0,0,0,0,0,1,0
SNAP,2026-07-16 12:45:00-04:00,0.9420215155295115,0.012698400844561863,60.44307927760314,-0.665949775925573,0.3694491525573328,1.1278318693010776,0.014029984658831207,0,1,0,0,0,0,0,0
TLRY,2026-07-16 12:45:00-04:00,0.6435355828343,-0.0022752564477985793,48.22611747178976,0.8699557765077852,0.4110838041262662,0.7155055703479549,-0.0014304890117752302,0,0,0,0,0,0,0,1
FUBO,2026-07-16 12:45:00-04:00,1.0754147025253031,0.014839702362300145,69.70594019037253,0.6412701376304137,0.6057228493738434,1.4466802540274548,0.016547737099676208,0,0,0,0,0,1,0,0
HOOD,2026-07-16 12:45:00-04:00,1.5956183316639099,-0.018800607013506387,22.227723159452182,0.8583328281685092,0.5740649976303899,1.5776517887093033,-0.016937939674889463,0,0,1,0,0,0,0,0
CLOV,2026-07-16 12:45:00-04:00,1.646651755870182,-0.010916968281791228,16.963150737256157,-0.4320194828256283,0.3410916787375895,0.9762421092272271,-0.009764360143256604,0,0,0,1,0,0,0,0
LI,2026-07-16 12:45:00-04:00,0.7727203047327198,-0.010269814804490962,47.27006922133854,0.22807715071279433,0.5831471018310694,0.2501282311265468,-0.009974498886289134,0,0,0,0,0,0,0,1
BB,2026-07-16 12:45:00-04:00,0.9010492483730111,-0.02915145719059542,17.113612428077275,0.5313957069563517,0.7808833385299287,1.8160728166761952,-0.027007296137832155,0,1,0,0,0,0,0,0
CVNA,2026-07-16 12:45:00-04:00,0.7157742632921932,-0.017857065624040325,27.6376030429185,-0.49958139906660937,0.7011129457333662,1.1952250122948083,-0.016445913550666186,0,0,0,0,0,0,0,1
RIOT,2026-07-16 12:45:00-04:00,1.0145736026403822,-0.005882385340302609,31.157867722852856,0.3166770116240931,0.39447876615534083,2.4704786339516787,-0.0029655947689323343,0,0,0,1,0,0,0,0
AFRM,2026-07-16 12:45:00-04:00,0.7910683788421707,-0.010590822905949593,35.14889611074747,0.606121411279521,0.7166264254843524,2.1531728825259164,-0.00804866193520849,0,0,0,1,0,0,0,0
AMC,2026-07-16 12:45:00-04:00,0.5093738511438933,0.015151500555948827,52.99098814030122,-0.9731212774242608,0.4520568993353205,2.174376288264645,0.017718695499090952,0,0,0,1,0,0,0,0
SIRI,2026-07-16 12:45:00-04:00,1.1187200205046341,-0.0003205201486313758,59.559231436230114,0.6810457935819576,0.588103565803779,0.28870575609539745,2.0342636298846962e-05,0,0,0,1,0,0,0,0
LCID,2026-07-16 13:00:00-04:00,0.627881564244226,-0.05992510620788383,38.43791156807145,-0.05788652561949781,0.7620343229540258,2.914241762568168,-0.058841779374869826,1,0,0,1,0,0,0,0
CHPT,2026-07-16 13:15:00-04:00,0.3725356023583698,-0.005244708753771921,38.854080236768944,0.5935697328637306,0.4144250471827772,2.5469845959389743,-0.003781204717012997,0,0,1,0,0,0,0,0
LCID,2026-07-16 13:30:00-04:00,0.3403935528862993,-0.06997744980024145,34.059114645937,0.9287046494168265,0.7153412667813268,2.914241762568168,-0.0647563949821229,1,0,0,0,0,1,0,0
CHPT,2026-07-16 14:30:00-04:00,1.06774972759675,0.006189185873309633,46.873983241941595,-0.3180351563774646,0.5073770997345066,2.5469845959389743,0.006965411053715227,0,0,0,1,0,0,0,0
SOFI,2026-07-16 14:45:00-04:00,0.6969449407153158,0.004033440030605462,40.2049118613969,0.9982474803039452,0.7784057556033381,1.6867021094885575,0.004033440030605462,0,0,0,0,0,0,0,1
TLRY,2026-07-16 14:45:00-04:00,0.8831101099568739,0.00011529380576602577,35.297251886935896,0.6150710361287228,0.6271106219920559,0.7155055703479549,0.00011529380576602577,0,0,0,0,0,0,1,0
RIVN,2026-07-16 14:45:00-04:00,0.53413757510811,0.006898463546891165,42.61156698300643,-0.3346382261154408,0.7074600181105317,2.0105950124463727,0.006898463546891165,0,0,0,0,0,1,0,0
CLOV,2026-07-16 14:45:00-04:00,0.4521503685593586,-0.014629890597224526,17.430480369441085,-0.8589883099317623,0.30201519151884026,0.9762421092272271,-0.014629890597224526,0,0,0,0,1,0,0,0
AFRM,2026-07-16 14:45:00-04:00,0.5099032861185373,-0.0009955429373700309,32.61708595293754,-0.7867905602091816,0.37241289111669534,2.1531728825259164,-0.0009955429373700309,0,0,0,0,0,1,0,0
SNDL,2026-07-16 14:45:00-04:00,0.5546627322169397,0.003861000306814244,50.91776583627487,-0.89485073005714,0.4116020179931632,-0.10762126240540129,0.003861000306814244,0,0,0,0,0,0,1,0
AMC,2026-07-16 14:45:00-04:00,0.21797891758574148,0.010675104913479894,67.17016518142367,0.8990563367504769,0.5890498231282175,2.174376288264645,0.010675104913479894,0,0,0,0,0,1,0,0
LI,2026-07-16 14:45:00-04:00,1.8845732294535147,-0.0019216427182752183,40.912989311880224,0.9278861597395895,0.715814686962331,0.2501282311265468,-0.0019216427182752183,0,0,0,0,0,1,0,0
NIO,2026-07-16 14:45:00-04:00,0.882143794140111,0.0010010239350302097,44.31499003928767,-0.3217946961670253,0.3674783723060227,0.7389086668954653,0.0010010239350302097,0,0,1,0,0,0,0,0
PLTR,2026-07-16 14:45:00-04:00,0.43323222291412355,-0.0005614600242059842,53.375999409830825,0.2571543071621549,0.5119963585571334,0.33796280440144383,-0.0005614600242059842,0,0,0,0,0,0,1,0
CVNA,2026-07-16 14:45:00-04:00,0.47562275197425347,0.008509971474230493,52.58398373274998,0.09741943235786943,0.6163167165497095,1.1952250122948083,0.008509971474230493,0,0,0,0,0,1,0,0
GME,2026-07-16 14:45:00-04:00,1.0624784854997786,-0.004518684044885868,28.439655020581043,-0.22582769570610473,0.683598228797915,-0.010423961733662626,-0.004518684044885868,0,0,0,0,0,0,1,0
UPST,2026-07-16 14:45:00-04:00,0.5339699828528491,0.0012995129072905787,38.08228266158721,-0.9915205776881302,0.5000032953029123,2.4417238550153355,0.0012995129072905787,0,0,0,1,0,0,0,0
XPEV,2026-07-16 14:45:00-04:00,0.6156306287426152,0.001067111780717278,46.80174618364819,0.06303756917586756,0.4794034534325968,0.5163440824909962,0.001067111780717278,0,0,0,0,0,1,0,0
FUBO,2026-07-16 14:45:00-04:00,0.7035313877382149,-0.012030798447502655,36.40888753743565,-0.5694325823020223,0.5815001470300911,1.4466802540274548,-0.012030798447502655,0,0,0,1,0,0,0,0
DKNG,2026-07-16 14:45:00-04:00,1.044618412891487,0.007169898763509375,63.655796583071016,-0.3385789330917668,0.44998376639715953,0.24095672617394698,0.007169898763509375,0,0,0,1,0,0,0,0
HOOD,2026-07-16 14:45:00-04:00,1.0146330654619056,0.0008900245700245168,26.09867219334315,0.46525861108477606,0.506280242810913,1.5776517887093033,0.0008900245700245168,0,0,0,0,1,0,0,0
COIN,2026-07-16 14:45:00-04:00,0.9260539442149552,0.007623166028996264,52.86079399331356,0.2762617446602964,0.7949925045856046,1.3879704616760395,0.007623166028996264,0,0,0,0,1,0,0,0
NOK,2026-07-16 14:45:00-04:00,1.2795936536641044,0.006458533311032966,39.88561713000502,-0.23294328946555698,0.46937322291275496,2.645940923370053,0.006458533311032966,0,0,1,0,0,0,0,0
BB,2026-07-16 14:45:00-04:00,0.6767562958949902,-0.007023288304037312,19.140785649865606,-0.7074934818535263,0.7916643548801021,1.8160728166761952,-0.007023288304037312,0,0,0,1,0,0,0,0
LCID,2026-07-16 14:45:00-04:00,0.5455571004471591,0.04799022642897688,58.90064859187609,0.23228950376721458,0.644660634244264,2.914241762568168,0.04799022642897688,1,0,0,1,0,0,0,0
SNAP,2026-07-16 14:45:00-04:00,0.7150095617158092,-0.004206094730844212,45.52747038847877,-0.7876709609738088,0.7592260935540511,1.1278318693010776,-0.004206094730844212,0,0,1,0,0,0,0,0
RIOT,2026-07-16 14:45:00-04:00,0.9383113386775552,0.020685854295391604,56.04881834949277,-0.8286867009578296,0.37383944098207605,2.4704786339516787,0.020685854295391604,0,0,0,1,0,0,0,0
MARA,2026-07-16 14:45:00-04:00,0.6945403990818753,0.02080563568746374,48.7558475743584,-0.828965028682142,0.34271680435979696,3.136203405012111,0.02080563568746374,0,0,0,1,0,0,0,0
MSTR,2026-07-16 14:45:00-04:00,0.409441841838285,0.011906056662224662,58.16034872716933,0.659918943881685,0.47521052156548926,1.2399386361317435,0.011906056662224662,0,1,0,0,0,0,0,0
BBY,2026-07-16 14:45:00-04:00,0.6214416655994165,-0.0052301786709477716,35.61912480094507,0.9618917034970353,0.6622015169550521,0.5508621639132762,-0.0052301786709477716,0,0,0,1,0,0,0,0
SIRI,2026-07-16 14:45:00-04:00,0.7876398297124789,-0.0022346879638601713,55.78802202948999,-0.0620785689065424,0.42859695220781907,0.28870575609539745,-0.0022346879638601713,0,0,1,0,0,0,0,0
PTON,2026-07-16 14:45:00-04:00,0.9756223506057775,-0.011737059598153854,31.45017161089565,0.32286809415921036,0.4911545160202467,1.2824396613672795,-0.011737059598153854,0,0,0,0,0,0,1,0
CVNA,2026-07-17 11:00:00-04:00,0.4443256700583133,-0.006627494328021788,43.02925454345918,0.09730730140859212,0.33730170659196673,1.2033561566346804,-0.0003547999969491034,0,0,0,0,0,0,1,0
BBY,2026-07-17 11:00:00-04:00,0.32414862234585406,0.0030994080660635692,52.957957045778265,-0.13752776273332845,0.7092835281870127,0.5077857536477488,0.005746325855733944,0,1,0,0,0,0,0,0
HOOD,2026-07-17 11:00:00-04:00,0.8601526204509563,-0.00668473054080676,29.561063215350444,0.9565949693258236,0.404656958907614,1.4993153244651072,0.001130700231213472,1,0,0,0,0,1,0,0
SNAP,2026-07-17 11:00:00-04:00,1.0091342802738092,-0.012114499735848994,18.74358290450226,-0.18787212480842763,0.5510986734739748,1.221730796650396,-0.005746024534228046,0,0,0,0,0,1,0,0
BB,2026-07-17 11:00:00-04:00,0.6747633484895931,-0.02035117290459032,30.761869520998218,-0.017865433325752633,0.4012149900699324,1.877096906492402,-0.010566492733794054,0,0,0,1,0,0,0,0
PLTR,2026-07-17 11:00:00-04:00,0.8332364033831787,0.007515933504253169,45.83799282106677,-0.1674838080018557,0.5522778643969656,0.1466438115588353,0.008280338788906771,0,0,0,0,0,0,1,0
NIO,2026-07-17 11:00:00-04:00,1.049878082690442,-0.004210437842822046,21.113026819362986,0.8792885226133482,0.5363407446199164,0.6600491799340774,-0.0007698215910380058,0,0,0,1,0,0,0,0
DKNG,2026-07-17 11:00:00-04:00,0.7093036953821684,-0.006342090149691781,25.28986376987193,-0.0202035176043307,0.5510012089902256,0.21769628424849935,-0.0052073120205632945,0,0,1,0,0,0,0,0
CLOV,2026-07-17 11:00:00-04:00,0.6671965073854598,0.004459304421657206,57.44690623989344,-0.08116586365194745,0.4715626923743683,0.8508709313248533,0.008894610825309276,0,0,0,1,0,0,0,0
SNDL,2026-07-17 11:00:00-04:00,0.36977106349498345,-0.00772200061362871,32.61489518278556,-0.7297943954216504,0.6823999836777467,-0.1682904336928281,-0.008599242520422925,0,0,0,1,0,0,0,0
COIN,2026-07-17 11:00:00-04:00,1.0165646573649374,-0.014139946049041896,31.885131166142727,-0.11662574861926589,0.6810022432081164,1.2596738961838303,-0.007573686123393518,1,0,0,0,1,0,0,0
RIOT,2026-07-17 11:00:00-04:00,0.9475082226985944,-0.004908549208244795,43.76592616295446,0.5862177770436243,0.7963439053825847,2.688260832742102,0.009104457990841107,1,0,1,0,0,0,0,0
PTON,2026-07-17 11:00:00-04:00,0.7709966568784105,-0.000811048576132567,28.848540500480667,-0.07649517956113616,0.5006496734432209,1.184290702683284,0.005362263901728261,0,0,0,0,0,0,0,1
LI,2026-07-17 11:00:00-04:00,0.7060623342770942,-0.006716715917860827,24.627783784078602,0.4905879404134059,0.45469346480035705,0.22547917930281197,-0.005541368152372103,0,0,0,0,0,0,1,0
FUBO,2026-07-17 11:00:00-04:00,1.1079984641605447,-0.0020387825594458953,31.020438157740912,-0.8201440143212904,0.667989329043496,1.2846704967044729,0.004657776308471096,0,1,0,0,0,0,0,0
GME,2026-07-17 11:00:00-04:00,0.9107872390298722,0.0025079938171637117,51.892213082871805,-0.3115639134138972,0.30074684497437143,0.20490818630061258,0.003576111856458742,0,0,1,0,0,0,0,0
MSTR,2026-07-17 11:00:00-04:00,0.753933398022813,-0.004088190058032626,40.11225608013675,0.8858249407361316,0.3773819673747648,1.0493246299255425,0.0013815892930752367,1,0,0,0,0,0,1,0
SIRI,2026-07-17 11:00:00-04:00,0.6233644557353546,-0.006464148658281377,11.11182361871073,0.3388361119109091,0.31132447834574023,0.2392153594205152,-0.0052171987667887654,0,1,0,0,0,0,0,0
SOFI,2026-07-17 11:00:00-04:00,1.3720369887820432,0.0013355182828722612,42.784185334395296,0.6222928051019683,0.7498924277166814,1.5471434595681628,0.00940026117273276,1,1,0,0,0,0,0,0
TLRY,2026-07-17 11:00:00-04:00,0.8675478783933197,-0.00931314578404907,18.20394497895093,0.875944590346706,0.3091324345394006,0.5965092683159909,-0.006203741901276601,0,0,0,1,0,0,0,0
NOK,2026-07-17 11:00:00-04:00,0.6434588623351396,-0.007400079681439853,35.67519709501997,0.5249161680312884,0.36493365649625636,2.8022747338802056,0.007207243961193842,0,0,0,0,0,1,0,0
AMC,2026-07-17 11:00:00-04:00,1.8111875427221493,-0.029618432063749922,21.390839252420278,0.022973792958646877,0.7096720025153513,1.9372959519626811,-0.01951995434500789,1,0,0,1,0,0,0,0
MARA,2026-07-17 11:00:00-04:00,0.5389098672531749,-0.012093033901480754,21.54153914757994,-0.9609397583902615,0.5101548417698006,3.2988207865662034,0.0051026187180956695,1,1,0,0,0,0,0,0
AFRM,2026-07-17 11:00:00-04:00,0.5557048492685098,-0.012860554039906935,22.75216222512175,0.8581114524054954,0.5589668845149389,2.066024629757053,-0.0020910566542148984,0,0,0,0,0,0,0,1
UPST,2026-07-17 11:00:00-04:00,1.3160209189076721,-0.0062807491570723295,22.893284657484372,0.3851978926287929,0.6275507268887643,2.380989553777977,0.006130555338260459,0,0,1,0,0,0,0,0
RIVN,2026-07-17 11:00:00-04:00,0.4429190490949438,-0.004999946145450407,50.15265963954663,-0.7586474997447987,0.5417421675100964,2.265336582077185,0.00680849797811341,1,0,0,1,0,0,0,0
CHPT,2026-07-17 11:00:00-04:00,1.3188690349090948,-0.027491463836777474,41.16876945184313,0.3144930951202507,0.6618436670268106,2.468941549500519,-0.014621694919308684,1,0,1,0,0,0,0,0
XPEV,2026-07-17 11:00:00-04:00,0.5708288514796651,-0.008248943109304352,18.104094658397656,-0.9112229555190372,0.4138237264683261,0.5227389065100299,-0.005524079520567136,0,0,0,0,0,0,0,1
LCID,2026-07-17 11:15:00-04:00,0.6085059316236276,0.0388285623852207,70.42574962461407,-0.5989932879695843,0.5652619589049667,2.5535696503463075,0.05028229664168704,1,0,1,0,0,0,0,0
BB,2026-07-17 11:45:00-04:00,0.8855561064756868,0.0033481844691369833,43.26947593551176,-0.3253751835965222,0.5790638502959519,1.877096906492402,0.00449515695954539,1,0,1,0,0,0,0,0
SNAP,2026-07-17 11:45:00-04:00,1.683827656465733,-0.013289024264411364,20.777258950530552,-0.2528729146270621,0.45315291102809185,1.221730796650396,-0.012542503608180969,0,0,0,0,0,0,1,0
SIRI,2026-07-17 11:45:00-04:00,0.8043443147957337,0.0009737321377973895,33.589725809943914,0.7532783588092773,0.4275394314070194,0.2392153594205152,0.0011199011691294973,0,0,0,0,1,0,0,0
LI,2026-07-17 11:45:00-04:00,1.5565168906532953,-0.011489659699226884,22.733873629204155,0.9852946234491693,0.403923636160686,0.22547917930281197,-0.01135188395897304,0,0,0,0,0,0,1,0
RIOT,2026-07-17 11:45:00-04:00,0.7376850423694179,0.023078969097535706,63.87139369919797,0.45942438895760107,0.4161417898079279,2.688260832742102,0.024721591389188856,0,0,0,0,0,0,1,0
AMC,2026-07-17 11:45:00-04:00,1.8240567310326872,0.02337666358889945,50.78543589593891,-0.4246614686114334,0.32533583858216003,1.9372959519626811,0.024560419821726503,0,0,0,0,0,0,1,0
HOOD,2026-07-17 11:45:00-04:00,1.0018321098214298,0.020180593293136484,50.65051222754745,0.6860204942008101,0.6036339726389032,1.4993153244651072,0.021096727897408282,0,0,0,0,0,1,0,0
CLOV,2026-07-17 11:45:00-04:00,0.5253447208390059,-0.002219806576647998,52.65326266938948,0.578487570844765,0.6738880289450009,0.8508709313248533,-0.001699894393242704,0,0,1,0,0,0,0,0
DKNG,2026-07-17 11:45:00-04:00,0.35535072699478176,0.005156765725259582,34.84415322037394,-0.01633646829616464,0.7310003021435705,0.21769628424849935,0.00528978584182018,0,1,0,0,0,0,0,0
AFRM,2026-07-17 11:45:00-04:00,0.7673663898567502,0.00990883836449341,37.12025801748517,0.7807590722296551,0.4872634612513248,2.066024629757053,0.011171252364879569,0,0,0,1,0,0,0,0
NIO,2026-07-17 11:45:00-04:00,0.5031094324643512,0.004140782865927672,36.927879472523244,-0.6936126837684025,0.6430757294079243,0.6600491799340774,0.004544096221291769,0,0,0,1,0,0,0,0
PLTR,2026-07-17 11:45:00-04:00,0.5072182247992713,-0.002463777872940387,42.62982665490077,0.6588084054052097,0.549490252713311,0.1466438115588353,-0.002374173326065439,0,0,0,0,0,0,0,1
RIVN,2026-07-17 11:45:00-04:00,0.448774784358804,0.007976380204864464,60.95169512102418,0.16816863424325668,0.7414278876391445,2.265336582077185,0.009360580845849781,0,0,0,1,0,0,0,0
MSTR,2026-07-17 11:45:00-04:00,0.5736071065517341,0.012167690298923839,58.3075676215734,-0.39549235792732995,0.47425111236002254,1.0493246299255425,0.01280886469960066,0,0,1,0,0,0,0,0
FUBO,2026-07-17 11:45:00-04:00,1.024242094753227,0.004522161118235557,30.476689426641272,-0.1101804064270977,0.7305545062965288,1.2846704967044729,0.005307140153608177,0,0,0,0,0,1,0,0
TLRY,2026-07-17 11:45:00-04:00,0.3457162088582435,0.009356716014199185,54.97687759190159,0.8320352011937875,0.692009095259541,0.5965092683159909,0.009721204239961895,0,0,0,1,0,0,0,0
CHPT,2026-07-17 11:45:00-04:00,2.539070208479017,-0.0017575094518929024,46.637979486800944,0.7285674995134912,0.3932688262386836,2.468941549500519,-0.00024889898649343555,0,0,0,0,0,1,0,0
SOFI,2026-07-17 11:45:00-04:00,0.9823866803020634,0.023221160338005475,58.49731816357388,0.30331476679040104,0.6444663905903625,1.5471434595681628,0.024166519621643054,0,0,0,0,0,0,1,0
PTON,2026-07-17 11:45:00-04:00,0.4236558971837076,-0.008906931737152846,24.70066480037694,-0.38664618271808937,0.7878912078430697,1.184290702683284,-0.008183288300351057,0,0,0,0,0,0,1,0
NOK,2026-07-17 11:45:00-04:00,0.4300478945476982,0.008424186012045976,52.415668359988054,-0.630434703735695,0.7397387951421377,2.8022747338802056,0.010136474823140527,0,0,0,0,0,0,1,0
XPEV,2026-07-17 11:45:00-04:00,0.3485947463118021,0.0011303232201218538,27.360182452947242,0.6358727345745174,0.6483982463043284,0.5227389065100299,0.0014497351499798308,0,1,0,0,0,0,0,0
COIN,2026-07-17 11:45:00-04:00,0.5834063897678392,-0.001654751240553587,43.88651091118073,0.8905409783402829,0.7341188751682783,1.2596738961838303,-0.0008850460107323702,0,0,0,0,1,0,0,0
GME,2026-07-17 11:45:00-04:00,0.5670316142322307,-0.0016776021505722216,40.52352320013918,-0.05275398237129103,0.699116391442961,0.20490818630061258,-0.0015523960134072223,0,0,1,0,0,0,0,0
MARA,2026-07-17 11:45:00-04:00,0.9634554235255737,0.0032756056188685267,34.60096522263187,0.6462601427590389,0.59013700198429,3.2988207865662034,0.005291301601261417,0,0,0,1,0,0,0,0
BBY,2026-07-17 11:45:00-04:00,0.29274965236836853,-0.007582845504228941,36.03694914455236,-0.8333394156281153,0.7836927325310321,0.5077857536477488,-0.007272570478767636,0,1,0,0,0,0,0,0
SNDL,2026-07-17 11:45:00-04:00,0.150093802467753,0.0,46.687995666786456,0.7492321892100715,0.45489080597088516,-0.1682904336928281,-0.00010283139734392571,0,0,0,1,0,0,0,0
UPST,2026-07-17 11:45:00-04:00,0.4749912847974333,0.0,31.586205501573488,-0.22094364519905363,0.5428000113054132,2.380989553777977,0.001454868690416321,1,0,0,0,0,0,0,1
CVNA,2026-07-17 11:45:00-04:00,0.6324295381013842,0.010388129361777132,58.436300733927425,0.4608335990334207,0.5526894021982669,1.2033561566346804,0.01112342246414694,0,0,0,0,0,1,0,0
LCID,2026-07-17 12:00:00-04:00,0.30592269580863257,0.026905803706885,66.72229179373225,0.3554888823688449,0.6420192125432751,2.5535696503463075,0.020736786246861972,1,0,0,1,0,0,0,0
CHPT,2026-07-20 10:15:00-04:00,0.7960298311289161,-0.015084300744356738,28.388667657912237,-0.043409414958420545,0.30617000893129975,2.212653706007607,-0.015610999017616062,0,0,1,0,0,0,0,0
LCID,2026-07-20 10:30:00-04:00,0.3769947148753979,-0.03286770942066286,41.96252932971027,-0.05424134181375684,0.7979173582512392,2.8123060397319066,-0.013636743202931068,0,0,1,0,0,0,0,0
CHPT,2026-07-20 12:00:00-04:00,0.8508519927018017,0.011743461429515545,54.737649747721385,-0.025598476979108886,0.6783451618444414,2.212653706007607,0.006167062813182454,0,0,1,0,0,0,0,0
UPST,2026-07-20 12:15:00-04:00,0.7259484980197463,0.00967849209620586,58.37941826200848,-0.8251269173014055,0.4676544655204958,2.2698876322526402,0.008443150824990723,0,0,0,1,0,0,0,0
RIOT,2026-07-20 12:15:00-04:00,0.8136740342051545,-0.0002801524518925014,68.23120449408131,-0.9366822468315141,0.7025559450374069,2.622318284525166,-0.0017072971074722893,0,0,0,1,0,0,0,0
BB,2026-07-20 12:15:00-04:00,0.6448446884786987,0.006370324156217411,49.88210395888004,-0.6070310722408061,0.3842075507670847,1.915172678150622,0.005328029455278769,0,0,0,0,0,0,0,1
NOK,2026-07-20 12:15:00-04:00,0.33190178444546264,0.00593182609731957,51.07811135801332,-0.4185196429974465,0.3113313010438663,2.873618917698444,0.004367916062154291,0,0,0,0,1,0,0,0
GME,2026-07-20 12:15:00-04:00,1.0406487642001003,0.004375920069525474,52.789458872709616,-0.1952282065732267,0.6431295616575055,0.20588207972060235,0.004263872835790797,0,0,0,0,1,0,0,0
SNDL,2026-07-20 12:15:00-04:00,0.523883628401436,0.0,34.163586775194005,-0.04549993675049069,0.38152076875937724,-0.24713162583566975,0.00013449648012502167,0,0,0,0,0,0,1,0
CLOV,2026-07-20 12:15:00-04:00,0.3028950974673153,-0.006666713290744308,34.83418104493727,-0.14233545978011808,0.7615509697535956,0.6184652329198986,-0.00700330071303861,0,0,0,1,0,0,0,0
TLRY,2026-07-20 12:15:00-04:00,0.44444358324484506,0.007083761989470361,57.354774083359345,0.48694328481454097,0.5698566630851615,0.5583451962884045,0.006779893703322964,0,0,0,0,1,0,0,0
XPEV,2026-07-20 12:15:00-04:00,0.4163011734567958,0.007116053231455588,64.04235420886928,0.80020477882017,0.6190997937991556,0.6852103560099096,0.006743141101262156,0,0,0,0,1,0,0,0
CVNA,2026-07-20 12:15:00-04:00,1.0136222381453845,0.004341066345687983,36.47068869945111,0.33163075756139593,0.5605561355474391,1.1918583466270802,0.003692421106994161,0,1,0,0,0,0,0,0
PLTR,2026-07-20 12:15:00-04:00,0.7933698999743928,0.014457674062207326,74.78013043475504,-0.8568646714890948,0.4198639278337968,0.12723136419333878,0.014388430918649133,0,0,0,0,0,0,1,0
COIN,2026-07-20 12:15:00-04:00,0.8408664375472241,0.012166665302078883,74.56412950031185,0.9074186079145783,0.497089984404584,1.2578465244141357,0.011482107307936576,0,0,0,0,1,0,0,0
CHPT,2026-07-20 12:15:00-04:00,0.4965889472419553,0.006300688628416262,51.60406030426024,-0.9264421506507134,0.35653074617476344,2.212653706007607,0.0050964957850790325,0,0,0,0,0,1,0,0
LCID,2026-07-20 12:15:00-04:00,0.16111890922698102,0.01955312099250328,56.535937427288786,0.8002268061219673,0.5767627454802692,2.8123060397319066,0.01802257927369553,0,0,0,0,0,1,0,0
DKNG,2026-07-20 12:15:00-04:00,0.6888103792318326,-0.00040057379406810423,64.44953130899762,-0.17887621690104738,0.7767777973719462,0.2293224350586572,-0.0005253779757457555,0,0,1,0,0,0,0,0
SNAP,2026-07-20 12:15:00-04:00,0.5253051254986987,0.013086137901928918,82.1103844590332,-0.5517967966444766,0.3435551358746816,0.9978698577702624,0.012543067046310466,0,0,0,1,0,0,0,0
HOOD,2026-07-20 12:15:00-04:00,0.4575073406002288,0.00011580930661403421,51.35433531920052,0.3092812815324577,0.5294735156725126,1.360588980350749,-0.0006246642290383804,0,1,0,0,0,0,0,0
NIO,2026-07-20 12:15:00-04:00,0.5809568676789769,0.006120667886342801,68.89870885687988,0.17284820965382663,0.791260678748968,0.7239815871912633,0.005726655283450367,0,0,0,0,0,0,0,1
MSTR,2026-07-20 12:15:00-04:00,0.8539057775174693,0.013199451237274618,77.24738653282705,-0.599473666614424,0.6613852193775123,0.9166699281926138,0.012700571830960414,0,0,0,0,0,1,0,0
RIVN,2026-07-20 12:15:00-04:00,0.3525575252030961,0.010638620097193074,61.68627097268839,0.5853611028461962,0.6225673382700664,2.418254549455462,0.009322533077378166,0,1,0,0,0,0,0,0
MARA,2026-07-20 12:15:00-04:00,1.0577615301267131,0.00381561720317225,74.79754206510394,-0.6946687359040435,0.4618030251469245,3.2824452923650504,0.0020292115315662723,0,0,0,1,0,0,0,0
BBY,2026-07-20 12:15:00-04:00,0.2617699329974042,0.004610194267046008,55.27790620549731,0.683087388236163,0.6982006791115158,0.61019732839709,0.00427810648761436,0,0,0,0,0,1,0,0
AMC,2026-07-20 12:15:00-04:00,3.143221110410578,0.04787737042576756,80.34416113625312,-0.9089303606958647,0.6226311792971286,1.3554756467027893,0.047139679720418756,0,0,0,0,1,0,0,0
FUBO,2026-07-20 12:15:00-04:00,0.875285420195569,0.0147058175332615,63.88303392725066,-0.15063969123625753,0.5166026575203195,1.2636128788786043,0.014018121315203084,0,0,0,0,0,0,1,0
PTON,2026-07-20 12:15:00-04:00,0.4462934167886311,0.0,73.43800650785755,0.8780786617066476,0.5274793480151658,1.030513881188844,-0.0005608367171591253,0,0,0,0,1,0,0,0
SIRI,2026-07-20 12:15:00-04:00,0.6424243287344482,0.0022686662084825393,70.93407151899632,0.5939718156393092,0.7356132008143573,0.3050877219344514,0.00210262827387667,0,0,1,0,0,0,0,0
AFRM,2026-07-20 12:15:00-04:00,0.7889296725631212,0.008654550409477269,69.00075985755043,0.21488444756626146,0.5316548491916024,2.060259968190774,0.007533294831899333,0,0,0,0,0,1,0,0
SOFI,2026-07-20 12:15:00-04:00,1.218553030145813,0.007148948455439896,66.3479040298832,-0.39590720516988176,0.3467786310425682,1.5402010179940573,0.0063107246348151685,0,0,1,0,0,0,0,0
LI,2026-07-20 12:15:00-04:00,0.3641933541564362,0.005221224312560002,70.89969638284832,-0.5506713791491349,0.5915618317581155,0.313168779696513,0.005050788422730842,0,0,0,0,0,1,0,0
LCID,2026-07-20 12:30:00-04:00,0.2790644099446738,0.0014205386645596008,41.97036496778006,0.6572013714142473,0.7147569757999476,2.8123060397319066,0.0050565279753859785,1,1,0,0,0,0,0,0
MSTR,2026-07-20 14:15:00-04:00,0.9299913270755403,-0.0019051683045294698,58.5260935698603,0.1376836323785935,0.6629186775020799,0.9166699281926138,-0.0024982877594601307,1,0,1,0,0,0,0,0
TLRY,2026-07-20 14:15:00-04:00,0.9503201122144613,-0.010551014701678296,37.31011192421974,-0.1924071406794372,0.40900663342545945,0.5583451962884045,-0.01091228476007182,0,0,0,1,0,0,0,0
FUBO,2026-07-20 14:15:00-04:00,0.9665800417334431,-0.00311523703163874,48.80943784862444,0.4283014004515979,0.726653828239751,1.2636128788786043,-0.003932841448357818,0,0,0,0,0,0,1,0
UPST,2026-07-20 14:15:00-04:00,0.6906498823088215,-0.00014450704885304866,47.1322128675862,0.4882470359046336,0.470430615526415,2.2698876322526402,-0.0016132085670211478,0,0,0,0,0,1,0,0
BBY,2026-07-20 14:15:00-04:00,0.2796493623929409,0.002592124239296778,56.12846653814789,-0.3080571500315443,0.5886206909936269,0.61019732839709,0.002197303927548775,0,1,0,0,0,0,0,0
CLOV,2026-07-20 14:15:00-04:00,0.2292910356822138,0.009977737732386638,71.83270925211687,-0.7119991350834436,0.4251525874376621,0.6184652329198986,0.009577567779646641,1,1,0,0,0,0,0,0
NIO,2026-07-20 14:15:00-04:00,1.4669824995484506,0.0,37.61574909436402,-0.9208665238865985,0.5344570481976718,0.7239815871912633,-0.00046844294894823717,0,0,0,0,1,0,0,0
PTON,2026-07-20 14:15:00-04:00,0.4850888610355802,0.0,60.66298577144186,-0.313679161196488,0.4614650151465569,1.030513881188844,-0.0006667807164944717,0,0,1,0,0,0,0,0
SIRI,2026-07-20 14:15:00-04:00,0.5931829844616476,0.0019509469981568994,57.815519948141535,0.12864488080648817,0.5828103813825267,0.3050877219344514,0.0017535439223337595,0,0,0,0,0,0,1,0
SNDL,2026-07-20 14:15:00-04:00,1.158911517001828,0.007843129921766057,69.0807232152512,-0.9544811124243899,0.7629059809595105,-0.24713162583566975,0.008003033253056511,0,0,1,0,0,0,0,0
XPEV,2026-07-20 14:15:00-04:00,0.5685129136351185,-0.004482661082607309,35.955478143047316,0.11248834649600048,0.7405040423386611,0.6852103560099096,-0.004926017606444366,0,0,0,0,0,1,0,0
SNAP,2026-07-20 14:15:00-04:00,1.052235460903884,-0.017185906968306353,31.630670989768163,0.6573085789550319,0.7927035710148423,0.9978698577702624,-0.017831565790451188,0,1,0,0,0,0,0,0
HOOD,2026-07-20 14:15:00-04:00,0.3472768127996447,0.003180595297514577,49.589264641185615,0.8598852685746377,0.7665942352698228,1.360588980350749,0.0023002437450190833,1,0,1,0,0,0,0,0
AFRM,2026-07-20 14:15:00-04:00,0.9720602419030645,-0.0011719266107905746,52.46914010745415,-0.24613933530442678,0.6451436249711506,2.060259968190774,-0.0025049912524529616,0,1,0,0,0,0,0,0
LI,2026-07-20 14:15:00-04:00,0.21028718007845404,-0.0022097703117035516,43.32195465560836,0.07579856456658063,0.695042216451608,0.313168779696513,-0.0024124021317318686,0,0,0,0,0,0,1,0
BB,2026-07-20 14:15:00-04:00,0.31343998278029805,-0.000545958599379226,58.077323639289254,-0.7093585072019699,0.53663287219311,1.915172678150622,-0.0017851463811825211,0,0,0,0,0,0,0,1
NOK,2026-07-20 14:15:00-04:00,0.3838470910015736,-0.00043130812678759956,51.66918379714417,0.3121335173702866,0.7955649682829453,2.873618917698444,-0.0022906461870033186,1,0,0,1,0,0,0,0
COIN,2026-07-20 14:15:00-04:00,0.7969770741739168,-0.0003381462027869375,57.354554492437366,0.9511966196995261,0.6902897465985267,1.2578465244141357,-0.0011520195742172864,1,0,1,0,0,0,0,0
GME,2026-07-20 14:15:00-04:00,1.5920240703145667,0.00022952987185465012,46.57715103132283,0.01899321460210035,0.7889108558161841,0.20588207972060235,9.631652739091007e-05,0,0,0,0,0,0,1,0
CVNA,2026-07-20 14:15:00-04:00,0.6835882864583134,0.0009307719430018402,39.42326641645033,-0.3350722944957749,0.35725428516098856,1.1918583466270802,0.00015959537097244418,0,0,0,0,0,1,0,0
RIVN,2026-07-20 14:15:00-04:00,0.23192293285191634,-0.0008630259132749174,44.48010728764316,-0.29615929776320615,0.5783788383553619,2.418254549455462,-0.0024277263317610265,0,0,0,0,0,1,0,0
SOFI,2026-07-20 14:15:00-04:00,0.9936611743061111,0.0020313160208060843,57.23386049327175,0.52237782411294,0.40766111073880784,1.5402010179940573,0.0010347488157735531,0,0,0,0,0,0,0,1
DKNG,2026-07-20 14:15:00-04:00,0.43977655041415337,-0.00948156593900884,27.56353293070265,0.4082980906504863,0.5609809642914321,0.2293224350586572,-0.009629946063088554,0,0,0,0,0,0,1,0
RIOT,2026-07-20 14:15:00-04:00,0.7326040619265707,0.016810163666930444,78.05250048079216,-0.1778716895650383,0.7856198816666937,2.622318284525166,0.015113426440436136,1,0,0,0,0,0,1,0
AMC,2026-07-20 14:15:00-04:00,1.4268011689664455,0.021141628801125467,65.82132061760953,-0.867766326119249,0.40427759107843586,1.3554756467027893,0.02026458576522126,1,1,0,0,0,0,0,0
MARA,2026-07-20 14:15:00-04:00,1.162812676947006,0.0029401362706362733,61.79659269295217,0.08156006068832666,0.4633044369041139,3.2824452923650504,0.0008162723772434629,0,0,1,0,0,0,0,0
PLTR,2026-07-20 14:15:00-04:00,0.6355160209871562,0.005243772126090285,73.06674282595284,0.19093435099801237,0.41630395277772825,0.12723136419333878,0.005161448712766115,0,0,0,0,0,1,0,0
HOOD,2026-07-21 09:45:00-04:00,1.480704916085792,0.05778672369190274,77.69637204253462,-0.2706509970267046,0.38551898307665755,1.267455390842831,0.055082230349084535,0,0,0,0,1,0,0,0
DKNG,2026-07-21 09:45:00-04:00,1.2441335232683235,-0.012719869704299391,13.533256343193472,0.33014614870655956,0.729402511617056,0.009640279479361778,-0.012740440110061367,0,0,0,1,0,0,0,0
SIRI,2026-07-21 09:45:00-04:00,1.3493365784431217,-0.00861365582952367,15.83026141331598,-0.2594047995927449,0.6080363633326451,-0.05943500580330359,-0.008486833553420914,0,0,0,0,0,1,0,0
CVNA,2026-07-21 09:45:00-04:00,1.9822184855138532,-0.016749407177854225,23.54356539576993,-0.48797711056193394,0.7451030145890523,1.871825718354021,-0.020743504509230924,0,0,0,0,1,0,0,0
BB,2026-07-21 09:45:00-04:00,0.6819681111859139,0.0,47.99428511698146,0.3448693917707346,0.40201256779837863,1.63625431258611,-0.0034914356177885124,0,0,0,0,0,0,0,1
RIOT,2026-07-21 09:45:00-04:00,1.4180234242059222,0.042867864393008936,86.68436712758555,-0.18503258026595226,0.5304847211637542,2.8738889602645696,0.03673556686428425,0,0,0,0,0,1,0,0
PLTR,2026-07-21 09:45:00-04:00,1.2249677857383063,-0.012785089620436674,32.12309610383828,0.7644982934112243,0.7194496058722184,-0.4723630910176183,-0.011777162363761653,0,0,0,0,0,1,0,0
FUBO,2026-07-21 09:45:00-04:00,1.7686302826958058,0.004746843720134786,48.28104224742496,-0.8581766291595405,0.4726991492181817,0.9753253760893467,0.002665696718218411,0,1,0,0,0,0,0,0
PTON,2026-07-21 09:45:00-04:00,0.8783677515242384,-0.019862507704435317,31.428488122755937,0.9757866159095112,0.6157829276566835,0.41932907453924295,-0.020757271101029,0,1,0,0,0,0,0,0
LI,2026-07-21 09:45:00-04:00,0.830186219712175,-0.0016070313041207651,43.05405534232308,0.7476236027034071,0.4535547363091044,0.13192961868000758,-0.001888542415295541,0,0,0,0,0,0,0,1
GME,2026-07-21 09:45:00-04:00,1.2273825249422061,0.0006895563123774373,50.57262152754048,0.4141131570143126,0.7044002957177659,0.021350965219292955,0.0006439976728264842,0,0,0,0,0,0,1,0
TLRY,2026-07-21 09:45:00-04:00,1.31998343776268,-0.0035419935891018994,39.73919154762701,-0.4075838681238728,0.7476296982632851,0.2637257251412722,-0.004104730923391971,0,0,1,0,0,0,0,0
CLOV,2026-07-21 09:45:00-04:00,2.7837856125109264,0.06615219422908214,86.00165041936214,0.25014830595850257,0.47248796885750804,0.5370629073904294,0.06500621065584873,0,0,0,0,0,1,0,0
NOK,2026-07-21 09:45:00-04:00,1.6330713274757591,0.0558024276921778,85.32062436262876,-0.6843976275877943,0.7973956801535176,2.7757622138142506,0.049879512785078024,0,1,0,0,0,0,0,0
SOFI,2026-07-21 09:45:00-04:00,0.7939855802745157,0.0032201583970410397,47.71809778597191,0.44953995503875754,0.6584136899191596,1.4640931185850006,9.6079931568566e-05,0,0,0,1,0,0,0,0
AMC,2026-07-21 09:45:00-04:00,2.2608352285967976,-0.024182442774634882,42.97793712601523,0.3355563906169645,0.7429931634357037,0.032240260989513665,-0.024251236967982294,0,0,0,0,0,0,0,1
UPST,2026-07-21 09:45:00-04:00,1.7793364364811155,0.019614668566974247,71.82269348526803,0.5713205594408535,0.6352792917164748,2.283756284132366,0.014741594759660161,0,0,0,0,1,0,0,0
RIVN,2026-07-21 09:45:00-04:00,0.8114957807015212,0.01976652093937048,66.93745280351614,0.4425078748438178,0.6983835276344453,2.236860898320385,0.014993512396407085,0,0,0,1,0,0,0,0
XPEV,2026-07-21 09:45:00-04:00,0.5760425834652431,0.0018924767947070542,43.21191216991113,0.45770679165134154,0.6479825021153093,0.4622758012416353,0.0009060737733174134,0,0,0,0,0,1,0,0
NIO,2026-07-21 09:45:00-04:00,0.9063506722197077,0.00928644056597161,65.26956450895831,-0.001784666147584879,0.3495246568359964,0.3112829972712064,0.008622225635856668,0,0,0,0,0,0,1,0
COIN,2026-07-21 09:45:00-04:00,4.40599148709029,0.10527628225349495,88.15411885723896,-0.8847494805516603,0.753267365475444,1.255963777522183,0.10259630968825083,0,0,0,0,1,0,0,0
AFRM,2026-07-21 09:45:00-04:00,0.8347596606807937,-0.00911747392357909,30.880504248825986,-0.9446294888501265,0.7064814981036602,1.8080534851234142,-0.012975494213132537,0,0,0,0,0,1,0,0
SNDL,2026-07-21 09:45:00-04:00,0.03255705541519614,0.007734354758285544,71.4564719910704,-0.26250505530683843,0.6774594824049822,-0.34649948083192544,0.008473714538495838,0,0,0,1,0,0,0,0
MSTR,2026-07-21 09:45:00-04:00,4.5869637884443595,0.05876926519931902,80.0192862855902,0.8992136699353988,0.7071037514487715,0.6958389768886267,0.05728448562106711,0,0,0,0,0,0,1,0
SNAP,2026-07-21 09:45:00-04:00,0.5058791233688963,-0.0010893495151843569,48.91183631240023,-0.7291303707079093,0.6268932058931531,0.8814715533522061,-0.0029702314500818067,0,0,0,0,0,1,0,0
BBY,2026-07-21 09:45:00-04:00,1.090269819966003,-0.013527837865901948,23.131137218343994,-0.8447901536766971,0.5225085353962684,0.8573244583334007,-0.015357194786034712,0,0,1,0,0,0,0,0
MARA,2026-07-21 09:45:00-04:00,1.4091556381811159,0.04274360204751426,74.26857827287577,-0.2619016466819468,0.6441312151760354,3.4371110250820647,0.03540950259673982,0,0,0,1,0,0,0,0
PLTR,2026-07-21 12:15:00-04:00,0.9100106396639486,0.001727083657741657,39.39219264074047,0.16161349535567138,0.5840768303342471,-0.4723630910176183,0.002350678179101848,0,1,0,0,0,0,0,0
NOK,2026-07-21 12:15:00-04:00,0.5714406094879076,-0.0009328571485761605,69.47345117041036,-0.6651645447655512,0.5327332315304822,2.7757622138142506,-0.0045973054131604905,0,0,0,0,0,1,0,0
SOFI,2026-07-21 12:15:00-04:00,0.8794481395047706,-0.002168939102257572,63.31076272518037,-0.341472372251755,0.5503924628403475,1.4640931185850006,-0.004101775229533887,0,1,0,0,0,0,0,0
UPST,2026-07-21 12:15:00-04:00,0.48313234656228987,-0.0020137427685432696,69.96861194373288,0.10164685436136667,0.5037388093912601,2.283756284132366,-0.005028664835885176,0,0,0,0,0,1,0,0
BBY,2026-07-21 12:15:00-04:00,0.368987037120959,0.01272047924279196,61.15595824288292,0.15752947111935667,0.6289468861280103,0.8573244583334007,0.011588674397301055,0,0,1,0,0,0,0,0
COIN,2026-07-21 12:15:00-04:00,0.9229894400925697,0.004592506588711576,72.00085888196405,-0.825094513839782,0.5657872267155484,1.255963777522183,0.002934434343900072,0,0,0,0,0,0,0,1
FUBO,2026-07-21 12:15:00-04:00,0.38673026078579154,-0.0042194054625018795,38.04228063345337,0.19021364802493146,0.6645321319813731,0.9753253760893467,-0.00550699031542215,0,1,0,0,0,0,0,0
SNDL,2026-07-21 12:15:00-04:00,0.12301951269393589,0.003891046973934831,71.32704118631924,0.03420148115030153,0.5322376172414375,-0.34649948083192544,0.004348481481435079,0,0,0,0,0,0,0,1
MSTR,2026-07-21 12:15:00-04:00,0.594064601223016,-0.00858708873913172,49.24172641507827,0.0660287577146359,0.3723993108834402,0.6958389768886267,-0.00950570702660593,0,1,0,0,0,0,0,0
DKNG,2026-07-21 12:15:00-04:00,0.29710469331111106,0.0010403503044495999,34.3596141758608,0.772307505613218,0.5106566543304222,0.009640279479361778,0.0010276235999673335,0,0,0,0,0,0,0,1
XPEV,2026-07-21 12:15:00-04:00,0.5918255488415343,0.002668688373840933,44.039693946017984,-0.7319579624786028,0.37205499594866576,0.4622758012416353,0.002058410681757399,0,0,0,0,0,0,1,0
RIOT,2026-07-21 12:15:00-04:00,0.8930963655423997,0.010823507869944793,88.09870071219397,0.6962008151273933,0.6870709765756942,2.8738889602645696,0.00702951666974817,0,0,0,0,0,1,0,0
MARA,2026-07-21 12:15:00-04:00,2.2099502745203634,0.007197133287824453,76.99056451170986,-0.9133491428039333,0.5233934526096635,3.4371110250820647,0.0026595992482143574,0,0,1,0,0,0,0,0
SIRI,2026-07-21 12:15:00-04:00,1.5620953803166189,-0.0006607352976945036,34.697679060645925,0.8956896038907893,0.43272278607208803,-0.05943500580330359,-0.0005822716228207847,0,0,0,0,0,0,1,0
TLRY,2026-07-21 12:15:00-04:00,0.5557484483155266,-0.004678358007099592,48.07572407621544,-0.15762698896442195,0.6971913576965969,0.2637257251412722,-0.005026517972319455,0,0,0,0,0,0,0,1
LI,2026-07-21 12:15:00-04:00,0.37926195397580004,-0.0004071754519254789,29.01555133366007,-0.7141276035078461,0.49498272262172766,0.13192961868000758,-0.0005813435632331494,0,1,0,0,0,0,0,0
AFRM,2026-07-21 12:15:00-04:00,0.5043140317060503,-0.008722850063136334,36.43769459132125,0.345636002920775,0.36478347496483354,1.8080534851234142,-0.011109768662598007,0,0,1,0,0,0,0,0
CHPT,2026-07-21 12:15:00-04:00,0.5297034926664557,0.0,61.46093531989067,-0.028176885462220413,0.43868971215627234,1.7400877815845546,-0.0022971930447492645,0,0,0,0,0,0,0,1
RIVN,2026-07-21 12:15:00-04:00,0.3856938102001686,-0.0011924094938775553,67.2943566628723,-0.42176530594507433,0.32484614095674913,2.236860898320385,-0.004145422182130541,0,1,0,0,0,0,0,0
NIO,2026-07-21 12:15:00-04:00,0.6405517917147463,-0.0010176487184766492,31.506276580608443,0.38187226819897724,0.5351294931669006,0.3112829972712064,-0.0014285918581549003,0,0,1,0,0,0,0,0
HOOD,2026-07-21 12:15:00-04:00,0.3833267666325492,-0.003763054859901249,67.99416203925566,-0.5167030815937659,0.49908522763590896,1.267455390842831,-0.005436297864758606,0,0,0,0,0,1,0,0
GME,2026-07-21 12:15:00-04:00,0.43926669988144745,-0.0011525872713105123,37.1635411050185,0.01994161047603593,0.7636856369169525,0.021350965219292955,-0.0011807739463274359,0,1,0,0,0,0,0,0
CLOV,2026-07-21 12:15:00-04:00,0.4510682173565414,-0.013783766341462389,53.97095727037282,-0.9393813699605504,0.7780833350680108,0.5370629073904294,-0.014492774926263007,0,0,0,0,1,0,0,0
PTON,2026-07-21 12:15:00-04:00,0.3163112949404572,-0.003127440341855303,34.23994701007075,-0.8593778508581298,0.44636288167156246,0.41932907453924295,-0.0036810215138439457,0,0,0,0,0,0,1,0
SNAP,2026-07-21 12:15:00-04:00,0.5709591132485666,0.002171498806353922,59.50529755655913,-0.9599482182896497,0.7236845653295736,0.8814715533522061,0.0010078159491240994,0,0,0,0,1,0,0,0
AMC,2026-07-21 12:15:00-04:00,0.9613937362150504,0.036583241004469746,62.5280005122625,0.7251678290441199,0.7086709090634454,0.032240260989513665,0.03654067872451478,0,0,1,0,0,0,0,0
BB,2026-07-21 12:15:00-04:00,0.32421358909473796,-0.001124252767531586,49.15550820561783,-0.6492408910891163,0.5830320995865752,1.63625431258611,-0.003284369093899316,0,1,0,0,0,0,0,0
CVNA,2026-07-21 12:15:00-04:00,0.6360658461789377,0.0035228165426826052,54.37236466950435,-0.46281146418445607,0.4112142984705651,1.871825718354021,0.0010517084372799875,0,0,0,0,1,0,0,0
LCID,2026-07-21 12:30:00-04:00,0.2010157729314546,0.007384253863971901,52.25869970275579,0.16257447067277653,0.6872896980320737,2.568065672254643,0.0014691199271188319,0,0,0,0,0,1,0,0
CHPT,2026-07-22 09:30:00-04:00,1.0803467632112134,-0.006932282117090516,41.18674338228281,0.1932458858662085,0.6525494225662282,1.6072770341122593,-0.006416347981236831,1,0,0,0,0,0,0,1
LCID,2026-07-22 09:45:00-04:00,1.4998511786145747,0.06350312995513008,86.24186843691915,0.1818100605638968,0.6138477132718718,2.8977585027778803,0.06340543916790956,0,0,0,0,0,1,0,0
CHPT,2026-07-22 10:30:00-04:00,0.9203308243023433,0.012198745915228848,55.83160026830123,0.7250382414133143,0.7912920956130671,1.6072770341122593,0.020130236660619028,0,0,0,0,0,1,0,0
LCID,2026-07-22 10:45:00-04:00,0.3033095314967141,-0.026902877530819547,56.02394286653076,0.29418014871186604,0.6266977775441269,2.8977585027778803,-0.008010056457557976,0,0,0,1,0,0,0,0
PLTR,2026-07-22 11:15:00-04:00,0.8365024275732125,-0.003692365600775127,11.354875495657183,-0.3463491265245029,0.5517007008233403,-0.25064668700639936,-0.00371785405719884,0,0,0,0,0,0,0,1
CLOV,2026-07-22 11:15:00-04:00,0.5819093291422999,0.008429918402055758,59.97104246916837,-0.3327597267118265,0.4438924075946731,0.6108581442373006,0.008492037041549546,0,0,1,0,0,0,0,0
DKNG,2026-07-22 11:15:00-04:00,1.054887281312573,0.006971670679440045,39.324860573323676,0.41322845576469525,0.631890808086814,0.18298602863924415,0.006990278670923294,0,0,1,0,0,0,0,0
BBY,2026-07-22 11:15:00-04:00,0.6869161196226704,0.00922574963058076,76.10754740600031,0.5482127869261262,0.556594080327987,0.6959990577687342,0.009296526315749676,0,1,0,0,0,0,0,0
MSTR,2026-07-22 11:15:00-04:00,0.7196366878049038,-0.001155717924783306,42.22396607312291,-0.18245160944844807,0.4573013542532413,0.5736900485378238,-0.0010973789378311235,0,0,0,0,0,1,0,0
GME,2026-07-22 11:15:00-04:00,0.6203786700814049,0.007656655283940106,59.20967411536695,0.6703432968207794,0.734353594686284,-0.0024297353462985347,0.007656408202264162,0,0,0,1,0,0,0,0
HOOD,2026-07-22 11:15:00-04:00,0.28502344928220014,-0.0006620608398915095,47.669884153957334,-0.03222579813554316,0.5542800742284546,1.281732020380978,-0.0005317205144774975,0,0,0,1,0,0,0,0
RIVN,2026-07-22 11:15:00-04:00,0.3119159193121525,-0.0014254004888205607,43.773467331531336,-0.815006297261085,0.33975800266720085,2.255899697412252,-0.0011959962951306143,0,0,0,0,0,0,1,0
SNDL,2026-07-22 11:15:00-04:00,1.2654785967074171,0.003906246362021193,53.452855169112844,-0.2518534721620085,0.31329489733603166,-0.3564057877454253,0.0038700031804391583,0,0,0,0,1,0,0,0
NIO,2026-07-22 11:15:00-04:00,0.9588548099175684,-0.003184685002995624,27.870941192729944,-0.20539982549831226,0.5152187568807907,0.3308327841227804,-0.003151042360029297,0,0,0,0,1,0,0,0
SOFI,2026-07-22 11:15:00-04:00,1.1378303839677235,0.013317591209144775,54.368519848804375,-0.5604462170329392,0.5425884558329939,1.4961552082408796,0.013469736395198582,0,0,0,1,0,0,0,0
COIN,2026-07-22 11:15:00-04:00,0.6462964772151638,-0.004659656932202494,30.536981461700947,-0.6970719069620048,0.6295911662372782,1.3000886521723831,-0.004527449906633417,0,0,0,0,0,0,1,0
FUBO,2026-07-22 11:15:00-04:00,0.24591482521393185,-0.0010728836410877074,29.12488359646548,-0.959147739714018,0.43572233112605335,1.08771733239462,-0.0009622728200982812,0,0,1,0,0,0,0,0
AFRM,2026-07-22 11:15:00-04:00,1.0633741774420455,0.004024083300908865,60.95437421041019,-0.8447487024317724,0.6354984769578655,1.7666678368643716,0.004203737126430776,0,0,0,0,0,0,0,1
MARA,2026-07-22 11:15:00-04:00,1.0970986023669569,0.023125993838533754,76.39210437220015,-0.9236273968535893,0.588045627122791,2.9950564766544723,0.02343056345963478,0,0,1,0,0,0,0,0
PTON,2026-07-22 11:15:00-04:00,0.5679512011041143,0.006927698209313826,38.02039710027195,0.2649017527962587,0.382374695243358,0.5439172478035745,0.006983009577017614,0,0,0,0,0,0,0,1
BB,2026-07-22 11:15:00-04:00,0.49895739466514555,0.0050279415925083,61.035763203084464,0.4075648243734298,0.37277855163475127,1.6505558017951063,0.0051957878949327446,0,0,0,0,0,1,0,0
RIOT,2026-07-22 11:15:00-04:00,1.7117761232544575,0.029059394529379112,82.3544020397058,0.751523115273004,0.6175887070915556,2.3386294188464625,0.029297211572745657,0,0,0,1,0,0,0,0
TLRY,2026-07-22 11:15:00-04:00,0.4643066314834457,0.011719148723307926,66.96376996520289,-0.4898765681892905,0.31618766488216427,0.24840559156922137,0.01174440928099468,0,0,0,0,0,0,1,0
SNAP,2026-07-22 11:15:00-04:00,0.4127289486880023,0.004422089403070428,34.80025230046627,0.02555900728832028,0.4994176148473742,0.9405816875467312,0.0045177378859700456,0,0,0,0,0,0,0,1
CVNA,2026-07-22 11:15:00-04:00,0.662732119442644,0.0015006906286256783,36.4147431840964,-0.802705275588208,0.3548744217256255,1.8744860106184869,0.0016913085680412868,0,1,0,0,0,0,0,0
UPST,2026-07-22 11:15:00-04:00,0.686498747310754,0.00972577890454418,48.247483287434825,-0.5552434132151702,0.7481229693633705,2.1974651574710053,0.009949240844447647,0,0,1,0,0,0,0,0
XPEV,2026-07-22 11:15:00-04:00,0.8775233836868684,-0.003043051664841756,39.20543187931187,-0.6614260351251884,0.6480578415303961,0.5717303617227968,-0.002984911959965014,0,0,0,0,0,1,0,0
SIRI,2026-07-22 11:15:00-04:00,0.9993169079255004,-0.0003332298835576619,39.22413356236401,-0.37179280393777714,0.5385586346511777,-0.01825863260494602,-0.00033508661809928335,0,0,0,0,1,0,0,0
LI,2026-07-22 11:15:00-04:00,0.32310177705977383,-0.001631358677837147,47.80063698669915,-0.9974994413201923,0.35692486432580905,0.06314380709411122,-0.0016249375350134857,0,0,0,0,0,0,1,0
NOK,2026-07-22 11:15:00-04:00,0.8500401251457047,0.004710423125241059,43.768228301323475,0.6431135736395146,0.447782766919147,2.7367699219866544,0.004988727385837586,0,0,0,0,0,0,1,0
AMC,2026-07-22 11:15:00-04:00,0.36449879912858896,0.006637214587376983,46.15283101979028,-0.04417595883287251,0.731314326041779,0.0012822429274091977,0.006637344979656929,0,0,0,0,0,1,0,0
CHPT,2026-07-22 11:45:00-04:00,0.9872227460746659,0.0025554248066779195,63.108149336341214,0.06500971291619773,0.5915079154394081,1.6072770341122593,-0.0012703209105169285,0,0,0,1,0,0,0,0
LCID,2026-07-22 12:00:00-04:00,0.4426572299759178,-0.03839670533212669,32.48476853844595,0.7329478572667554,0.4221307178287317,2.8977585027778803,-0.04115149719318551,0,0,0,0,0,0,0,1
UPST,2026-07-22 12:15:00-04:00,0.3398419651725179,-0.0032314867399433345,44.322402161756564,-0.9678844505620323,0.6243403644703924,2.1974651574710053,-0.002076778072804858,0,0,0,0,0,0,0,1
CVNA,2026-07-22 12:15:00-04:00,1.1755214167146222,0.0028391214644105656,44.80006301840975,-0.4895643308192128,0.37714043171249406,1.8744860106184869,0.003824113301724624,0,0,0,0,0,0,0,1
NOK,2026-07-22 12:15:00-04:00,0.5612952512440562,-0.0013161616310618518,43.611436307228814,-0.9180690579326947,0.3116919048154668,2.7367699219866544,0.00012193714294502509,0,0,0,1,0,0,0,0
HOOD,2026-07-22 12:15:00-04:00,0.274134403623861,-0.0007571628646779738,48.2898625953847,-0.5881565395573454,0.5543479092434545,1.281732020380978,-8.364726064166543e-05,0,0,0,0,1,0,0,0
SNDL,2026-07-22 12:15:00-04:00,0.042729363865025446,-0.0038910469739347198,43.643197459838426,0.17097451387647977,0.3897854262497259,-0.3564057877454253,-0.004078328601918115,0,0,0,0,0,1,0,0
MSTR,2026-07-22 12:15:00-04:00,0.4970390895232072,0.004074716257054689,50.4868465640704,0.0351741219558066,0.47571636885621676,0.5736900485378238,0.004376174903188631,0,0,1,0,0,0,0,0
PLTR,2026-07-22 12:15:00-04:00,1.1247000667853992,-0.0036271809302915736,20.487332838010488,0.9661546126957155,0.3412680842682215,-0.25064668700639936,-0.003758889003519421,0,0,0,1,0,0,0,0
AMC,2026-07-22 12:15:00-04:00,0.26058439288481816,0.0,49.3824394294327,-0.3667871030525034,0.7946345767616259,0.0012822429274091977,6.737840718987367e-07,0,0,0,1,0,0,0,0
SOFI,2026-07-22 12:15:00-04:00,1.1228714764795389,-0.006481676825774829,43.97857634390589,0.06523022921741783,0.7825576031342654,1.4961552082408796,-0.00569548762024113,0,0,0,0,0,0,0,1
TLRY,2026-07-22 12:15:00-04:00,0.7685241963917082,-0.006912691028568507,49.91241332842915,0.9990660790732397,0.5512503485808825,0.24840559156922137,-0.006782160590542928,0,0,1,0,0,0,0,0
CLOV,2026-07-22 12:15:00-04:00,0.9273580315043177,0.0073354199236421724,67.79593890704332,-0.26604841104951116,0.3335516506803593,0.6108581442373006,0.007656409401516177,0,0,0,1,0,0,0,0
XPEV,2026-07-22 12:15:00-04:00,0.8483827653812801,-0.012209069286606478,31.92616959053572,-0.7667432467072504,0.6039395013856025,0.5717303617227968,-0.011908640403034411,0,0,0,0,0,1,0,0
RIOT,2026-07-22 12:15:00-04:00,1.0694674576959522,0.00797583394595458,76.93616302898386,-0.5250384370503369,0.6829690399782943,2.3386294188464625,0.009204720624765395,0,0,1,0,0,0,0,0
GME,2026-07-22 12:15:00-04:00,0.38976150006795135,0.0016117820477168365,62.635852215697085,-0.09197811604261408,0.5582192992507682,-0.0024297353462985347,0.0016105052873305865,0,0,0,0,0,0,1,0
COIN,2026-07-22 12:15:00-04:00,0.3877211446395467,-0.0012590556617874116,37.33368468925054,-0.1607526565198587,0.5045703819722829,1.3000886521723831,-0.0005758941428855408,0,0,0,0,0,0,0,1
NIO,2026-07-22 12:15:00-04:00,2.1159633179944146,-0.004259846686956892,24.04876621338262,0.35209783697008357,0.32597229815831136,0.3308327841227804,-0.004086002982586272,0,0,0,0,0,0,1,0
LI,2026-07-22 12:15:00-04:00,0.40904323563732586,-0.005718929422645291,27.858341468787216,-0.5868497441101226,0.7270304564961675,0.06314380709411122,-0.00568574905522067,0,0,1,0,0,0,0,0
SIRI,2026-07-22 12:15:00-04:00,0.48206404256272767,-0.0036666870117187944,33.10318677055838,-0.06615786616010921,0.5744015850166833,-0.01825863260494602,-0.003676281430655244,0,0,0,0,0,0,1,0
BB,2026-07-22 12:15:00-04:00,0.9230779125986132,0.004446910768419743,64.5225524831897,0.7453061423770475,0.639771748125473,1.6505558017951063,0.005314233321156807,0,0,0,0,0,0,0,1
DKNG,2026-07-22 12:15:00-04:00,0.5697060727649831,-0.0067070827586251935,32.468272341156066,-0.03715419376093054,0.45667398014608085,0.18298602863924415,-0.006610928536331103,0,0,0,0,1,0,0,0
BBY,2026-07-22 12:15:00-04:00,0.478830071094012,0.0031243262923137394,72.49089334637836,0.281765121265769,0.7883517832270173,0.6959990577687342,0.0034900550237083688,0,0,1,0,0,0,0,0
MARA,2026-07-22 12:15:00-04:00,0.461849631865573,-0.026110681226738874,47.984239908058534,-0.00618088086453028,0.7148347770519279,2.9950564766544723,-0.024536859835121303,0,0,0,0,0,1,0,0
AFRM,2026-07-22 12:15:00-04:00,0.40551056439777194,-0.004141584033577894,49.66672732746517,-0.4542972055667609,0.5300888717883347,1.7666678368643716,-0.0032132477383486078,0,0,1,0,0,0,0,0
SNAP,2026-07-22 12:15:00-04:00,0.3899915942881196,0.0022124400274412537,51.09509691533751,-0.21561909216532094,0.5851899630281227,0.9405816875467312,0.0027066903335584624,0,0,0,0,1,0,0,0
FUBO,2026-07-22 12:15:00-04:00,0.8827666117531121,-0.011278248246842426,16.38314474694664,-0.6682385613885109,0.7462095939545954,1.08771733239462,-0.010706682128106647,0,0,0,0,0,1,0,0
RIVN,2026-07-22 12:15:00-04:00,0.5634760676667865,-0.011698477954250608,28.78656133945195,-0.4011989225893773,0.5436064255101523,2.255899697412252,-0.010513063512551383,0,0,0,0,0,1,0,0
PTON,2026-07-22 12:15:00-04:00,3.77504678139236,0.008000030517578027,56.00114203369528,-0.9033686853961984,0.6589493708739711,0.5439172478035745,0.008285844359999864,0,0,0,0,1,0,0,0
CHPT,2026-07-22 14:15:00-04:00,0.447171265693625,-0.006914427468986184,32.444430929529744,-0.2445381301245575,0.7677944129514451,1.6072770341122593,-0.006204665693174274,0,0,0,1,0,0,0,0
LCID,2026-07-22 14:30:00-04:00,0.25451207248843927,0.0072253921020883904,36.517825225199154,0.4384736460186074,0.5329812717985025,2.8977585027778803,0.011210345284086695,0,0,0,0,1,0,0,0
XPEV,2026-07-22 15:00:00-04:00,0.8980872656363326,-0.005411723713002359,22.728320538767633,0.9821830243836354,0.3569884349828045,0.5717303617227968,-0.004692026889645003,0,0,0,1,0,0,0,0
FUBO,2026-07-22 15:00:00-04:00,1.2158661879987664,-0.004955955580622784,23.53500196177407,0.8525988888482636,0.7305212032164571,1.08771733239462,-0.0035867319723535793,0,0,0,0,0,0,1,0
CVNA,2026-07-22 15:00:00-04:00,0.7792500915924789,-0.006823015700780255,31.232959164609056,-0.9101881788298567,0.6356674670123995,1.8744860106184869,-0.004463404041877277,0,0,0,0,0,0,1,0
RIVN,2026-07-22 15:00:00-04:00,1.5431827659989377,-0.004072269674747386,18.5124325514945,0.9970319275997375,0.3681309538110872,2.255899697412252,-0.0012325327030250368,0,0,0,0,1,0,0,0
COIN,2026-07-22 15:00:00-04:00,0.8729450390256615,-0.007900995661026311,24.7516552254136,0.8822965039685602,0.7568357045743673,1.3000886521723831,-0.006264438053289765,0,0,1,0,0,0,0,0
SNDL,2026-07-22 15:00:00-04:00,4.96729243875725,0.0,38.818055461836224,0.8112673007270315,0.5972082787563638,-0.3564057877454253,-0.000448645253845946,0,1,0,0,0,0,0,0
SOFI,2026-07-22 15:00:00-04:00,1.207556681037446,-0.0010893389772232975,37.30484890435784,0.4356491308818595,0.49685829896422523,1.4961552082408796,0.0007940281180204565,0,0,0,1,0,0,0,0
NIO,2026-07-22 15:00:00-04:00,0.7220440865397479,-0.002139086304564164,33.675247019957865,0.5317245466156031,0.31690627540793187,0.3308327841227804,-0.001722632465943158,0,0,1,0,0,0,0,0
MARA,2026-07-22 15:00:00-04:00,0.34188559179536065,-0.012014387076899169,31.559666965259325,-0.7297784336603923,0.6888395853068583,2.9950564766544723,-0.008244196133166837,1,0,1,0,0,0,0,0
SNAP,2026-07-22 15:00:00-04:00,1.1169799930819704,-0.008891373751923726,28.388796881875393,0.17961976421160952,0.4057309460002227,0.9405816875467312,-0.007707365173831637,0,0,0,1,0,0,0,0
HOOD,2026-07-22 15:00:00-04:00,0.3147251209907601,-0.006350693544505348,34.493956802472766,0.23117446280882703,0.7557335849319748,1.281732020380978,-0.004737243349759788,0,0,0,0,0,1,0,0
BB,2026-07-22 15:00:00-04:00,0.30378472041304455,-0.006097594499392955,38.589932687290194,-0.5154615864093335,0.5333560798476951,1.6505558017951063,-0.00401986722294311,0,0,0,0,0,0,1,0
RIOT,2026-07-22 15:00:00-04:00,1.127054227708436,-0.006241948369393402,50.25900574458442,-0.5417118314338099,0.5831283928419999,2.3386294188464625,-0.0032980708417383094,1,0,0,0,0,0,1,0
PTON,2026-07-22 15:00:00-04:00,0.3835812709159996,0.004012856386981234,46.08366723763949,-0.547735473775492,0.47628451771014546,0.5439172478035745,0.004697541933912718,0,1,0,0,0,0,0,0
LI,2026-07-22 15:00:00-04:00,0.42386561410206713,-0.0016468058468360747,25.103112267663874,0.8232033579163889,0.766598290665424,0.06314380709411122,-0.0015673201304515472,1,0,0,1,0,0,0,0
BBY,2026-07-22 15:00:00-04:00,0.9044092001315884,0.00213425885951124,67.08886775603749,-0.2048443761300398,0.6847222752427438,0.6959990577687342,0.003010385692143466,0,0,0,0,0,1,0,0
NOK,2026-07-22 15:00:00-04:00,0.7450668467238748,-0.0038480917523643354,41.67854547552895,0.5775204014680297,0.446590597463318,2.7367699219866544,-0.0004030331181182579,0,0,0,1,0,0,0,0
PLTR,2026-07-22 15:00:00-04:00,1.2623673303263654,0.00534394297224372,31.329520353269302,-0.2919146590100694,0.6317577414806638,-0.25064668700639936,0.005028427763500944,0,0,0,0,0,0,1,0
CLOV,2026-07-22 15:00:00-04:00,0.7622035706185182,0.001095871303607554,43.57560401668864,-0.2135374215898458,0.4351920525037042,0.6108581442373006,0.0018648223605442688,0,0,1,0,0,0,0,0
DKNG,2026-07-22 15:00:00-04:00,0.768051361571816,0.0034805273692282146,55.75695627894827,0.5073116918171896,0.5801626536670224,0.18298602863924415,0.003710871028315353,0,0,0,0,0,0,1,0
AMC,2026-07-22 15:00:00-04:00,0.14742352121820798,-0.004497193171003722,40.96174388232846,0.032709580750722944,0.6510802378174697,0.0012822429274091977,-0.004495579077676846,0,0,0,0,0,1,0,0
AFRM,2026-07-22 15:00:00-04:00,0.5710999828318368,0.006160641540576606,50.315391516396936,0.05877343758614795,0.4327437525303034,1.7666678368643716,0.008384531183742643,0,0,0,0,1,0,0,0
MSTR,2026-07-22 15:00:00-04:00,0.5360523236567114,0.0023057980644971554,50.57009764139635,-0.16386474133957862,0.4414845076109645,0.5736900485378238,0.003027961750680023,0,0,0,0,0,0,1,0
UPST,2026-07-22 15:00:00-04:00,0.4106905097221881,-0.0017403145790880759,36.22226532989672,0.7314859015162491,0.4626057671650982,2.1974651574710053,0.00102586472352022,0,0,0,0,1,0,0,0
SIRI,2026-07-22 15:00:00-04:00,0.7965497730015025,-0.0013357491596710513,39.99199592142327,-0.6949967694284487,0.732479332826909,-0.01825863260494602,-0.0013587332108329169,0,0,1,0,0,0,0,0
GME,2026-07-22 15:00:00-04:00,0.8059392842088254,-0.003687482130969588,32.69558892147053,-0.6413079762979987,0.47161163986746285,-0.0024297353462985347,-0.0036905406930600477,0,0,0,1,0,0,0,0
TLRY,2026-07-22 15:00:00-04:00,1.31323780582853,-0.003152915259693856,24.818982141917928,-0.8367537468483133,0.5487847632943339,0.24840559156922137,-0.0028402211522515555,0,0,1,0,0,0,0,0
BB,2026-07-23 10:45:00-04:00,1.432351775211546,-0.033675806916228845,6.2467763520506026,-0.26857517330599734,0.6410512369207029,1.7511793191178822,-0.03655946150356049,0,0,1,0,0,0,0,0
NIO,2026-07-23 10:45:00-04:00,0.785426238358338,-0.0030492940808237723,28.555546128941913,-0.34869352048507296,0.4714411121380492,0.3505176514585585,-0.003626489015993713,0,0,0,0,0,0,0,1
BBY,2026-07-23 10:45:00-04:00,0.6074202610533145,-0.0019927109812487576,27.126028420798335,-0.3344109280427745,0.4909364491454807,0.7675766581791275,-0.0032566740302196074,0,0,1,0,0,0,0,0
LI,2026-07-23 10:45:00-04:00,0.6297664084021373,-0.00040750727419525123,52.76718845439261,-0.23201523172023863,0.5420221979674373,0.017684989290550793,-0.0004366290208592631,0,0,1,0,0,0,0,0
PTON,2026-07-23 10:45:00-04:00,1.109684510173831,-0.01220952833001876,14.883708126698892,0.9333267825287901,0.5935456220845177,0.6479426826225825,-0.013276490958388405,0,1,0,0,0,0,0,0
GME,2026-07-23 10:45:00-04:00,0.9991766776897849,-0.0011709422989973906,19.026918711143068,-0.2931515622211627,0.40027845512808025,0.021625716096946877,-0.0012065532125951515,0,0,0,0,0,1,0,0
FUBO,2026-07-23 10:45:00-04:00,1.3668568011659432,-0.018228987894083226,8.81895204906229,-0.6264102961948701,0.5806063036456561,1.1640608245901072,-0.0201458386129766,0,0,0,0,0,0,0,1
SIRI,2026-07-23 10:45:00-04:00,1.060764242279119,-0.0010234998240696846,16.225047799518777,0.6587892496708225,0.3957293585035248,-0.017044058090238172,-0.0009954334942757603,0,1,0,0,0,0,0,0
RIVN,2026-07-23 10:45:00-04:00,1.219748888823926,-0.0038898043249674386,15.17626893570268,-0.2983325074095293,0.7574211086824018,2.3818765270468405,-0.007812023539579937,0,0,0,0,0,0,0,1
XPEV,2026-07-23 10:45:00-04:00,0.6584929929826357,-0.010240261328554379,19.905173059987064,0.4866813843603064,0.311102481004778,0.5766099555366355,-0.011189760860231058,0,0,0,0,0,1,0,0
COIN,2026-07-23 10:45:00-04:00,0.7182718622476308,-0.01108922480617236,15.685094084635168,-0.8442589892267061,0.7383041927048722,1.389261653958729,-0.0133769121364796,0,0,0,0,1,0,0,0
MARA,2026-07-23 10:45:00-04:00,0.580895262268404,-0.016116345864978454,46.73583605835937,0.716826901181461,0.4088385835409752,2.9002319632361835,-0.02089213730667084,0,0,0,0,0,0,0,1
MSTR,2026-07-23 10:45:00-04:00,1.464423763481024,-0.019710602930957832,12.604350469018442,-0.9375265245275521,0.5593497474146721,0.7602216934050623,-0.020962454611504644,0,0,0,0,0,0,1,0
NOK,2026-07-23 10:45:00-04:00,1.6508570075996416,-0.007010485451284687,33.97166208845255,0.17471098717748856,0.7001788792411923,2.829352149887614,-0.01166955960612905,0,0,1,0,0,0,0,0
CLOV,2026-07-23 10:45:00-04:00,1.1817511305788557,-0.016670207057335573,14.601617679952241,0.566579287719928,0.6871176913280395,0.6091206467194352,-0.017673241714023794,0,0,0,0,0,1,0,0
AMC,2026-07-23 10:45:00-04:00,0.3896782985199925,-0.0052716693005718795,18.847631660597145,0.30921196387795447,0.4995493162071912,-0.05617140760993672,-0.005179172241325621,0,0,0,0,1,0,0,0
RIOT,2026-07-23 10:45:00-04:00,0.9133071481482088,-0.018691628623032308,59.87294110729825,0.9323668121921531,0.7588837908812631,2.2603959633524617,-0.022413806653429937,0,0,0,1,0,0,0,0
SOFI,2026-07-23 10:45:00-04:00,1.221284215485979,-0.007742767184426458,20.217625882080583,-0.8285249908528398,0.37094215203670744,1.5384279538668235,-0.010276085604770748,0,0,0,0,1,0,0,0
SNAP,2026-07-23 10:45:00-04:00,0.841556827469419,-0.022650035220067588,11.899198086924727,-0.20642758072898748,0.635533783803324,0.9439468763576372,-0.024204425858701462,0,0,0,0,0,1,0,0
AFRM,2026-07-23 10:45:00-04:00,0.6558889800914522,-0.0017660356337355632,17.965908426002883,-0.16712820135344497,0.6791743204241234,1.8461969656369999,-0.0048061551069135825,0,1,0,0,0,0,0,0
TLRY,2026-07-23 10:45:00-04:00,1.3627966993613743,-0.014705868603311245,9.211958508341496,0.7884506301777803,0.41175581916782994,0.300422430011921,-0.015200572091973721,0,0,1,0,0,0,0,0
CVNA,2026-07-23 10:45:00-04:00,0.7734286639165853,-0.0015583446653014699,17.75448986371599,-0.5682392498516562,0.3878384882185343,1.9334087710416976,-0.004742075201024137,0,1,0,0,0,0,0,0
UPST,2026-07-23 10:45:00-04:00,1.5227304802435513,-0.010564696082590919,8.175423094391249,0.49927425649999146,0.5482793696032029,2.243243296431541,-0.014258628937802035,0,0,0,0,1,0,0,0
HOOD,2026-07-23 10:45:00-04:00,1.0016411296396377,-0.012004643163474937,16.618836217771147,0.19601997375204072,0.49857025255217147,1.365306530765712,-0.014252883762010336,0,0,1,0,0,0,0,0
SNDL,2026-07-23 10:45:00-04:00,0.8290586774258594,-0.0026877218859494567,42.55201436720629,-0.07696703979124364,0.7605769899120043,-0.33256012056401674,-0.002140097489773364,0,0,1,0,0,0,0,0
PLTR,2026-07-23 10:45:00-04:00,1.0607489061722641,-0.02011135154940702,23.032246917126812,0.3323447931621615,0.5045959035754253,-0.20598002936494847,-0.019772165693285704,0,1,0,0,0,0,0,0
DKNG,2026-07-23 10:45:00-04:00,0.9638148942553149,-0.010309305091687815,24.407552053907423,0.2561816147865974,0.6396950341934371,0.08534646740669023,-0.010449844515356788,0,0,0,0,0,0,0,1
CHPT,2026-07-23 12:15:00-04:00,0.29297041845594785,0.0026810266104120295,33.87103145951566,-0.7249047435722282,0.4850873247402364,1.7686277783396689,-0.005660091851165741,0,0,1,0,0,0,0,0
LCID,2026-07-23 12:30:00-04:00,0.2221539066678874,0.011961692104192734,32.98991707567049,-0.5064466867249766,0.39646446655794987,3.0030499256908176,0.006751821224193415,0,1,0,0,0,0,0,0
CHPT,2026-07-23 14:45:00-04:00,0.5036388525819999,-0.005434820636233795,23.69803139092774,-0.32706319945017404,0.45385686880061943,1.7686277783396689,-0.007045108847123326,0,0,0,1,0,0,0,0
LCID,2026-07-23 15:00:00-04:00,1.1106666861749157,0.026468246408643425,60.543829589123966,0.9802543024899244,0.633652293299954,3.0030499256908176,0.022132485180605035,1,0,0,1,0,0,0,0
PTON,2026-07-23 15:15:00-04:00,0.4268901325977286,-0.0008278335219366051,32.76333196801559,-0.8895242886159085,0.7191802501286988,0.6479426826225825,-0.0019625670372089184,0,0,0,1,0,0,0,0
RIOT,2026-07-23 15:15:00-04:00,0.4741048454793105,-0.010984430659002564,37.26170462905127,0.36200271584647226,0.6744464557332,2.2603959633524617,-0.014943032439981904,0,1,0,0,0,0,0,0
RIVN,2026-07-23 15:15:00-04:00,1.0307063720133065,0.0,27.355107177417906,0.05352342872809124,0.3480193472531309,2.3818765270468405,-0.004171349097640493,0,0,0,0,0,0,1,0
HOOD,2026-07-23 15:15:00-04:00,0.8464798929161217,-0.0015631463575156435,48.97899806683714,0.36329529269931604,0.4780509893346428,1.365306530765712,-0.003954189764023938,0,0,0,0,1,0,0,0
SNAP,2026-07-23 15:15:00-04:00,0.7384547013997987,0.009329219401435163,69.64541696750499,-0.8124283287368157,0.4465272393879422,0.9439468763576372,0.007676097626984107,0,0,0,0,1,0,0,0
UPST,2026-07-23 15:15:00-04:00,0.7245802111552967,-0.002556599597143938,42.030502145990795,0.010450649424502023,0.6469032714018421,2.243243296431541,-0.006485162137688165,1,0,0,0,1,0,0,0
MSTR,2026-07-23 15:15:00-04:00,0.5966170295285662,0.003391803388455461,55.95513870796633,-0.7062554908919683,0.4388546685937744,0.7602216934050623,0.0020604371153583115,0,0,0,1,0,0,0,0
AFRM,2026-07-23 15:15:00-04:00,0.8769076314609985,-0.008939787992553683,33.810179247534094,0.22615989944855586,0.40632943167616736,1.8461969656369999,-0.012173008505551782,0,0,0,1,0,0,0,0
AMC,2026-07-23 15:15:00-04:00,0.7176251586791956,0.0040982805635016994,60.47097423133816,-0.9321059587124112,0.4597883352331919,-0.05617140760993672,0.004196652812350978,1,0,0,0,1,0,0,0
SNDL,2026-07-23 15:15:00-04:00,0.19937811686211768,0.003172044713408484,51.23185474970029,-0.9355832442439156,0.7043875056807511,-0.33256012056401674,0.003754452887414829,0,1,0,0,0,0,0,0
CLOV,2026-07-23 15:15:00-04:00,1.0601387786342147,0.004439507307092638,48.33220483115945,0.020638060157416094,0.5485511335626286,0.6091206467194352,0.003372762313724918,0,0,0,0,0,0,1,0
NIO,2026-07-23 15:15:00-04:00,0.4558789002534066,0.002171498806353922,52.56277553741406,-0.8184354294730907,0.7712483482554195,0.3505176514585585,0.0015576418441999936,0,0,0,0,1,0,0,0
SOFI,2026-07-23 15:15:00-04:00,0.7902562310730755,-0.0009007082785111864,42.98228454096404,-0.5922116342011106,0.6769579418708362,1.5384279538668235,-0.003594936960928982,0,0,0,0,1,0,0,0
NOK,2026-07-23 15:15:00-04:00,0.7771377875810139,0.0015361783387211059,38.963376627476435,-0.9694086997729439,0.6089210462910162,2.829352149887614,-0.003418828943698279,0,1,0,0,0,0,0,0
XPEV,2026-07-23 15:15:00-04:00,2.6537695524056883,0.015157601625088502,74.54245468225443,-0.9493322442686696,0.5874682426976332,0.5766099555366355,0.014147792178458454,0,0,1,0,0,0,0,0
COIN,2026-07-23 15:15:00-04:00,0.6151673343062262,-0.0008002269939669793,47.680468706960156,0.9463826193209646,0.7934472857051407,1.389261653958729,-0.0032332226932916238,0,0,1,0,0,0,0,0
GME,2026-07-23 15:15:00-04:00,1.2928569902391533,-0.005843852434165742,29.163109029678182,-0.260790515582922,0.7730715447126808,0.021625716096946877,-0.0058817252669102135,0,0,0,0,0,0,0,1
PLTR,2026-07-23 15:15:00-04:00,0.6442757899421939,0.0010619528418340796,57.4590209728499,-0.821031945864731,0.7356573603025858,-0.20598002936494847,0.0014226829635959888,0,1,0,0,0,0,0,0
TLRY,2026-07-23 15:15:00-04:00,0.786201445992183,0.009409337598572431,58.155296379043655,-0.43694615487056065,0.7363232822737806,0.300422430011921,0.00888321174019516,0,0,0,0,0,0,0,1
FUBO,2026-07-23 15:15:00-04:00,0.49022559850489644,-0.002305087400182537,41.8625720887016,-0.6564102670643912,0.5082467122279143,1.1640608245901072,-0.00434369184298836,0,0,0,1,0,0,0,0
BB,2026-07-23 15:15:00-04:00,0.5040517638464393,0.006964645526498003,56.994326768083965,-0.9011706065537499,0.3667024210462348,1.7511793191178822,0.003897828170660557,0,0,0,0,1,0,0,0
BBY,2026-07-23 15:15:00-04:00,1.0639174941473992,-0.0027404188740293156,27.459115937152617,0.47816395551125024,0.41177244022921694,0.7675766581791275,-0.004084665800395052,0,0,1,0,0,0,0,0
CVNA,2026-07-23 15:15:00-04:00,0.8400156352016249,-0.003813621903483888,37.61151923761391,0.7791929932573682,0.4555438848133156,1.9334087710416976,-0.00719957530655733,0,1,0,0,0,0,0,0
MARA,2026-07-23 15:15:00-04:00,1.4989084692885608,0.004248768364032651,62.01525863929885,0.5195963448454104,0.5991665473618117,2.9002319632361835,-0.0008303698051456126,0,0,1,0,0,0,0,0
DKNG,2026-07-23 15:15:00-04:00,1.4414264490408168,0.005928863687651109,65.63876833542754,-0.911034129113895,0.6011849421734603,0.08534646740669023,0.005779397539527512,0,1,0,0,0,0,0,0
SIRI,2026-07-23 15:15:00-04:00,1.7796464519462665,-0.0011772569105622521,57.60225291625692,0.8731162955306022,0.6032763748301244,-0.017044058090238172,-0.0011474078753467298,0,0,1,0,0,0,0,0
LI,2026-07-23 15:15:00-04:00,0.976005497239193,0.005301760128044286,77.03286942808737,-0.6734329206650025,0.47433300428990754,0.017684989290550793,0.005270788638430429,0,0,0,0,1,0,0,0
GME,2026-07-24 09:30:00-04:00,0.9892540239931384,0.0031781235506163075,57.49960406526402,-0.43413918037661636,0.3662569660798598,0.06650584062030827,0.0029018834643241335,0,0,0,0,0,1,0,0
TLRY,2026-07-24 09:30:00-04:00,2.0923224257623962,-0.0012690645604825912,39.93464181933134,-0.4140390683237407,0.4742679189135331,0.2553452766185312,-0.0023296721791443275,0,0,0,0,0,1,0,0
BBY,2026-07-24 09:30:00-04:00,1.2808333084626213,0.005072846239559059,54.397086526421525,0.6048786780003763,0.48885830367490607,0.7985016369974876,0.0017561727105687,0,1,0,0,0,0,0,0
RIVN,2026-07-24 09:30:00-04:00,1.8211315659460592,0.000607731931218547,38.341877273107215,0.9147675169044771,0.746156720243276,2.269789357504814,-0.00882011383592036,0,0,0,0,0,1,0,0
HOOD,2026-07-24 09:30:00-04:00,4.757079951585879,-0.05414314942297238,11.117716185152574,0.1305305476423253,0.7334509008137036,1.6407098999051022,-0.06095803725993344,0,0,1,0,0,0,0,0
PTON,2026-07-24 09:30:00-04:00,1.2566542632400775,0.0,45.99044357455235,-0.4084972464283023,0.6896216907100708,0.6691889930574899,-0.0027795577570900753,0,0,0,1,0,0,0,0
FUBO,2026-07-24 09:30:00-04:00,0.9903598459469197,-0.01321836478613414,20.739164478130576,-0.6209390506861132,0.4461720931399102,1.3834772463914873,-0.0189648055552738,0,0,1,0,0,0,0,0
XPEV,2026-07-24 09:30:00-04:00,1.1004006936673325,-0.0023790431235504172,44.86001404409095,0.292666093425457,0.444079316386515,0.4994080177300477,-0.004453394979357582,0,0,0,0,0,1,0,0
BB,2026-07-24 09:30:00-04:00,1.5225190582056436,0.006964645526498003,56.732817932269555,0.6318871194288815,0.6658356809647938,1.8294965212667353,-0.0006343904708250936,0,0,0,0,0,1,0,0
AMC,2026-07-24 09:30:00-04:00,1.1661666340882189,0.05107158438761705,83.82123186394634,0.4598559896703196,0.33362625968356985,0.23269643456812056,0.050105051485161714,0,0,0,1,0,0,0,0
SIRI,2026-07-24 09:30:00-04:00,1.3904330273662155,0.010607864532577116,82.351524182214,0.8213429464919109,0.5307631269814521,-0.024349172952795678,0.01070900177969537,0,0,0,0,1,0,0,0
CVNA,2026-07-24 09:30:00-04:00,0.6402386796108155,0.0008356883759044198,32.61558406752664,0.2134302272640598,0.5163043898926661,1.87304793224203,-0.006944243696316009,0,0,1,0,0,0,0,0
CLOV,2026-07-24 09:30:00-04:00,1.036751660447569,0.001107445091645065,44.60619636034589,0.7329767278769206,0.3292640165248482,1.3076005594349445,-0.00432383264283566,0,0,0,0,0,0,1,0
RIOT,2026-07-24 09:30:00-04:00,1.360624164254555,-0.017499511400258516,21.974030959202807,-0.31673912882690036,0.479872274542909,2.2409224198890727,-0.0268074548360595,0,0,0,0,1,0,0,0
LI,2026-07-24 09:30:00-04:00,2.0526327410434577,-0.009959383554235535,35.86654994617835,-0.9181954385438216,0.6537898693412566,-0.06568563146994104,-0.009686550306265557,0,0,1,0,0,0,0,0
SNAP,2026-07-24 09:30:00-04:00,1.196678947777963,-0.012457492370065437,38.78040172888983,-0.18474856459319944,0.5131176054782914,0.8640101986675794,-0.0160462636661066,0,0,0,0,1,0,0,0
NIO,2026-07-24 09:30:00-04:00,3.47971269813592,-0.0158420046367449,28.77315484405024,0.4145477746514754,0.5845124742113164,0.34679694433652575,-0.01728246786427278,0,1,0,0,0,0,0,0
PLTR,2026-07-24 09:30:00-04:00,2.657456912050263,0.009379068036474703,67.94380733411472,0.7603784288123983,0.6612212073716905,-0.26452417745203927,0.010477801334545433,0,0,0,0,0,1,0,0
MARA,2026-07-24 09:30:00-04:00,1.3859884682836676,-0.026551620431034317,29.191284658073343,0.5743582307814046,0.7488452112893575,2.8824020526568597,-0.03852402743060138,0,0,0,0,1,0,0,0
SNDL,2026-07-24 09:30:00-04:00,1.6502283210125663,-0.011811012535560939,36.91245537013595,-0.40871364681932243,0.6834283910136558,-0.3560406963029114,-0.010332154261567347,0,0,0,0,1,0,0,0
DKNG,2026-07-24 09:30:00-04:00,2.20170699931495,0.003046113847633647,70.0458533634565,0.3164461491596733,0.4322672710943882,0.27673889636466864,0.0018966452310557316,0,0,0,0,0,0,1,0
MSTR,2026-07-24 09:30:00-04:00,1.8579253316586513,-0.009747342683686155,33.96757807218815,0.6724177744084652,0.7040083011727614,0.7808664508872639,-0.012990766325336859,0,0,0,0,1,0,0,0
SOFI,2026-07-24 09:30:00-04:00,1.1258827846782522,-0.0024103049010988364,31.707232025750372,-0.7560322277711655,0.4903451936716997,1.4633310228442071,-0.008488428029145772,0,0,1,0,0,0,0,0
UPST,2026-07-24 09:30:00-04:00,3.2877776035729873,0.018351990625744108,73.56443538567324,-0.4939611531658996,0.3143022115952674,2.2803486866879528,0.008880285402390057,0,1,0,0,0,0,0,0
NOK,2026-07-24 09:30:00-04:00,4.534587394913617,-0.05384205267689113,8.760399544959341,0.610296991729008,0.5809564557500244,2.941988156615274,-0.06606195779610846,0,0,1,0,0,0,0,0
AFRM,2026-07-24 09:30:00-04:00,0.7142892844075693,-0.006892641567184388,31.235498010410794,-0.6750393481771646,0.5662291095187781,1.7849548641076678,-0.014306668381818348,1,0,0,0,0,1,0,0
COIN,2026-07-24 09:30:00-04:00,2.4475770794509994,-0.025080477965224945,19.191394881965195,0.8788917613298268,0.5438785687970629,1.428928819840005,-0.03101570736487324,0,1,0,0,0,0,0,0
BBY,2026-07-24 10:00:00-04:00,0.6063329362175266,0.014131506900664448,74.02801474626887,0.7377444520470389,0.7976620554826925,0.7985016369974876,0.012707597195771305,0,0,0,0,0,0,1,0
PTON,2026-07-24 10:00:00-04:00,0.6062499174470514,-0.0066061045395607865,37.34704425562576,0.0002828741521387901,0.46231032449428006,0.6691889930574899,-0.007799420442086893,0,0,0,0,0,0,1,0
LI,2026-07-24 10:00:00-04:00,0.38434439266679693,-0.012576043437718565,35.10171241185466,-0.7435670075215133,0.6092004625345101,-0.06568563146994104,-0.012458911044009549,0,0,0,1,0,0,0,0
CLOV,2026-07-24 10:00:00-04:00,0.9381375439609253,0.0022098899080500445,55.32533997782522,-0.18702689647376625,0.3646030873908092,1.3076005594349445,-0.00012185875774383499,0,0,0,0,1,0,0,0
AMC,2026-07-24 10:00:00-04:00,0.6044784612785518,0.038461555058724395,76.16171883172444,-0.6137201407277975,0.681085674561373,0.23269643456812056,0.03804660448614765,1,0,0,1,0,0,0,0
CHPT,2026-07-24 10:00:00-04:00,1.528876910467606,-0.0182648230820891,26.607117070863282,-0.32223575200895227,0.6760796551190659,1.6120947262368237,-0.02113955397747847,0,0,0,0,0,0,1,0
XPEV,2026-07-24 10:00:00-04:00,0.5691966388243241,-0.009861932790452554,41.54901155595926,-0.37021598444961135,0.5687202180258706,0.4994080177300477,-0.010752490668105972,0,0,1,0,0,0,0,0
COIN,2026-07-24 10:00:00-04:00,0.813745428873568,-0.03161945818347345,16.328454041842463,0.29742105001921115,0.6750629768797137,1.428928819840005,-0.03416756268307398,0,0,0,0,0,1,0,0
SNAP,2026-07-24 10:00:00-04:00,0.5011568676234804,-0.012457492370065437,41.136537214317535,-0.5164072887065914,0.3776967420281003,0.8640101986675794,-0.013998218713013799,0,0,0,0,0,1,0,0
DKNG,2026-07-24 10:00:00-04:00,0.7498943431742453,0.0021834561241091954,57.43451378150656,-0.9860342535331599,0.4861947005741752,0.27673889636466864,0.001689967843062241,0,0,0,0,0,0,0,1
MARA,2026-07-24 10:00:00-04:00,0.7697286597766437,-0.02994938070145925,36.7094706604424,0.6635837777799272,0.3336900578774498,2.8824020526568597,-0.03508935796138681,0,0,1,0,0,0,0,0
SIRI,2026-07-24 10:00:00-04:00,1.284719218685291,0.014468382069664498,87.14708663341749,-0.40703330465004983,0.720789966365119,-0.024349172952795678,0.014511802173102203,0,1,0,0,0,0,0,0
CVNA,2026-07-24 10:00:00-04:00,0.6289493332938675,-0.007306583070193939,31.449632146177848,-0.9343228081893282,0.3710503295729775,1.87304793224203,-0.010646652776848595,0,1,0,0,0,0,0,0
RIOT,2026-07-24 10:00:00-04:00,0.7645393898112758,-0.01091791822814725,43.33350749141354,-0.8785270301414592,0.7606379390218069,2.2409224198890727,-0.014913991665881126,0,0,0,0,1,0,0,0
MSTR,2026-07-24 10:00:00-04:00,1.1515971947363506,-0.02950748984172258,22.113424200241965,-0.8121869031689373,0.3660056417244318,0.7808664508872639,-0.030899952006014093,1,1,0,0,0,0,0,0
PLTR,2026-07-24 10:00:00-04:00,0.9626617588353428,0.004254595302510378,54.808481966991636,0.244279053613222,0.6068414588471427,-0.26452417745203927,0.004726301966593296,0,0,0,0,0,0,0,1
NOK,2026-07-24 10:00:00-04:00,1.394470673404092,-0.05292559872289104,7.980256249559488,-0.9605344621530203,0.4627890756473348,2.941988156615274,-0.05817183153418127,0,1,0,0,0,0,0,0
GME,2026-07-24 10:00:00-04:00,0.5464435404230127,0.0021141685044181457,46.669530442392855,-0.18971728023221557,0.6654843457667693,0.06650584062030827,0.001995573491579579,0,0,0,1,0,0,0,0
AFRM,2026-07-24 10:00:00-04:00,0.8311914342305873,-0.00845187339310105,28.43287114186741,0.30160445727886454,0.4771037145545817,1.7849548641076678,-0.011634853159249139,1,0,0,0,0,1,0,0
HOOD,2026-07-24 10:00:00-04:00,2.0986964149512906,-0.061763006389242925,10.059042810224781,-0.29679230488584696,0.3755770138555252,1.6407098999051022,-0.06468876463586813,0,0,0,0,0,0,0,1
RIVN,2026-07-24 10:00:00-04:00,0.9682061684130908,-0.008226705066248119,18.998708814825193,-0.89157183347721,0.7889149352030906,2.269789357504814,-0.012274254807494854,0,0,0,0,1,0,0,0
SNDL,2026-07-24 10:00:00-04:00,0.04345304628872247,-0.003952565445193956,48.06256093867687,0.6804910941285787,0.6443263875911114,-0.3560406963029114,-0.003317664050741057,0,0,0,0,0,0,0,1
BB,2026-07-24 10:00:00-04:00,0.671116237889629,-0.01445922421990653,34.88417000871618,-0.19964434917167684,0.3725001447516788,1.8294965212667353,-0.017721631873189956,0,0,0,0,0,1,0,0
TLRY,2026-07-24 10:00:00-04:00,2.1785375674595318,-0.015132394471214283,32.254974601484946,-0.7995512464085259,0.6597736373521735,0.2553452766185312,-0.015587733071198762,0,0,0,0,0,0,1,0
SOFI,2026-07-24 10:00:00-04:00,0.5345586716303765,-0.00931774478586389,26.422744141015585,-0.9168326990010311,0.6395677761672314,1.4633310228442071,-0.011927196223852153,0,0,0,1,0,0,0,0
FUBO,2026-07-24 10:00:00-04:00,0.6997179161278708,-0.011572070431729475,16.97273053136567,0.8496528942071164,0.40640969707786184,1.3834772463914873,-0.014039124456869664,0,0,0,0,0,1,0,0
UPST,2026-07-24 10:00:00-04:00,1.2351415185658419,0.005118807593995189,50.246559022439314,0.08269162345180714,0.6970349796364699,2.2803486866879528,0.0010524281714999976,0,0,0,0,0,1,0,0
NIO,2026-07-24 10:00:00-04:00,1.3784408384558076,-0.01632571996439558,33.00560386761312,-0.7672041147708337,0.7443336424851615,0.34679694433652575,-0.01694413765045678,0,1,0,0,0,0,0,0
LCID,2026-07-24 10:15:00-04:00,0.3847160947515286,0.005438981775187424,57.4927483359857,0.3474586297881177,0.6996689911796554,2.76234557676986,0.010452129771513836,0,1,0,0,0,0,0,0
DKNG,2026-07-24 12:45:00-04:00,0.23396545438269403,-0.0013014655223346772,48.53455623082466,-0.4649017040415704,0.34153294314637944,0.27673889636466864,-0.0006413619178441591,0,0,0,0,0,1,0,0
PTON,2026-07-24 12:45:00-04:00,0.31508733874723416,-0.0016366986355668134,57.8354607462455,0.48776758614182647,0.7271418365606356,0.6691889930574899,-4.048620498553089e-05,0,1,0,0,0,0,0,0
BBY,2026-07-24 12:45:00-04:00,0.4416166828804575,-0.0046620222803209765,56.36233532051459,0.6008728136761172,0.31933851280784653,0.7985016369974876,-0.0027573611875086,0,0,0,0,0,1,0,0
SOFI,2026-07-24 12:45:00-04:00,1.7950726654231288,-0.0036074763487622397,46.78207633666505,-0.8197069444380212,0.42564471957564987,1.4633310228442071,-0.00011700176990364977,0,0,0,0,0,1,0,0
LI,2026-07-24 12:45:00-04:00,0.23698382156525222,-0.0012294581871260535,46.8849046838467,-0.5439740941775066,0.3496050462409553,-0.06568563146994104,-0.0013861377239245518,0,0,0,0,0,0,1,0
BB,2026-07-24 12:45:00-04:00,0.8105975477057175,-0.00232698745111104,48.689045927380484,-0.4555963878139597,0.40741507310450575,1.8294965212667353,0.002036899461625878,0,0,1,0,0,0,0,0
FUBO,2026-07-24 12:45:00-04:00,0.44337475263567505,-0.005847975394087768,37.20443080196248,0.5066234649462391,0.441041703876473,1.3834772463914873,-0.00254797554198808,0,0,0,0,0,0,1,0
NOK,2026-07-24 12:45:00-04:00,0.35791545152991616,-0.0048753114681873155,22.201046246693892,0.6183091705788446,0.7985521805054312,2.941988156615274,0.00214219496860606,0,0,0,0,0,1,0,0
NIO,2026-07-24 12:45:00-04:00,0.13637087421095317,-0.0010353511985421449,43.23687207342023,0.5400533994904788,0.5265475073957039,0.34679694433652575,-0.00020813855879388298,0,0,0,0,1,0,0,0
UPST,2026-07-24 12:45:00-04:00,0.8107105508137857,-0.0050577813621721646,44.891479063385766,0.3698309607370709,0.39765008569522087,2.2803486866879528,0.00038152047559477514,0,0,0,0,0,0,1,0
CHPT,2026-07-24 12:45:00-04:00,1.75791111241681,-0.010466280490582403,21.56225692976173,-0.18437545994908744,0.6201021844694288,1.6120947262368237,-0.006620960755814021,0,0,0,1,0,0,0,0
AMC,2026-07-24 12:45:00-04:00,0.5539569739555404,-0.021231402085489348,48.99903817371618,-0.5658570664306501,0.47909967954550503,0.23269643456812056,-0.020676352696956342,0,0,1,0,0,0,0,0
RIOT,2026-07-24 12:45:00-04:00,0.27110404272613803,-0.015811920423783543,34.52545776650986,0.04279894965086206,0.4929584123053612,2.2409224198890727,-0.01046666182015327,0,0,0,0,0,1,0,0
GME,2026-07-24 12:45:00-04:00,0.33141435594003504,-0.0051233677932401855,45.610099751196614,-0.8349054514096375,0.5692441048083092,0.06650584062030827,-0.004964731816549407,0,0,0,0,0,1,0,0
COIN,2026-07-24 12:45:00-04:00,0.32414271578490195,0.00034870597091241073,47.20617701014204,0.20142166800080763,0.38996728801936126,1.428928819840005,0.0037571211844132524,0,1,0,0,0,0,0,0
MARA,2026-07-24 12:45:00-04:00,1.102301770019152,-0.012262712217993688,42.11018252142063,-0.9554307204507617,0.37071781418930017,2.8824020526568597,-0.005387336152164376,0,0,0,0,1,0,0,0
CLOV,2026-07-24 12:45:00-04:00,0.2810142145558558,-0.0121951889987858,34.37991072592776,0.2790439610524975,0.6056863273527435,1.3076005594349445,-0.009076177346085491,0,0,1,0,0,0,0,0
AFRM,2026-07-24 12:45:00-04:00,0.6157011012728901,-0.004533681513716248,47.5512369430268,0.08302741371523004,0.7082071300407616,1.7849548641076678,-0.0002760395445955575,0,0,1,0,0,0,0,0
SIRI,2026-07-24 12:45:00-04:00,0.4930339354104596,-0.004005304924957653,41.57693026758838,-0.11558514980481815,0.513058741203513,-0.024349172952795678,-0.004063384858944683,0,0,0,0,0,1,0,0
HOOD,2026-07-24 12:45:00-04:00,0.7541404369960905,-0.0030996142777049984,32.60080955742484,0.20927642147181968,0.3162647991381513,1.6407098999051022,0.0008139610565822243,0,0,0,0,1,0,0,0
PLTR,2026-07-24 12:45:00-04:00,0.29944530426111776,-0.0035659489714137127,43.696716163491665,-0.5478910925018405,0.5320021110372419,-0.26452417745203927,-0.004196916881254931,0,0,0,1,0,0,0,0
TLRY,2026-07-24 12:45:00-04:00,0.48905573725361534,0.005194800369332064,39.10388587455807,-0.8955259387618619,0.48896355882865744,0.2553452766185312,0.005803873902903618,0,1,0,0,0,0,0,0
CVNA,2026-07-24 12:45:00-04:00,0.43279401912698007,-0.006852723020418727,45.69959998432943,0.7085723792679481,0.4655809049808879,1.87304793224203,-0.0023849531922583225,0,0,0,0,0,0,0,1
RIVN,2026-07-24 12:45:00-04:00,0.8064936429750426,-0.009669412352217632,19.785737488610224,-0.8481435681952723,0.7905541228352028,2.269789357504814,-0.004255297618057577,0,0,0,1,0,0,0,0
MSTR,2026-07-24 12:45:00-04:00,0.3055002313099066,-0.0011311359998106285,50.67948417601839,0.03526836135806799,0.6932314503727978,0.7808664508872639,0.000731459990950174,0,0,0,0,0,0,0,1
SNDL,2026-07-24 12:45:00-04:00,0.1505263236265437,-0.003952565445193956,52.819936312261824,0.6100310973129346,0.7802812588571056,-0.3560406963029114,-0.0048018271502242695,0,0,0,0,0,1,0,0
XPEV,2026-07-24 12:45:00-04:00,0.4336645244852107,-0.0047751267764508665,40.110474221509286,-0.4370645595416591,0.7685287428123657,0.4994080177300477,-0.0035838918725555244,0,0,1,0,0,0,0,0
SNAP,2026-07-24 12:45:00-04:00,0.4512971335655064,-0.0022882728390274387,44.221709757538406,0.655514289521492,0.5954275775162868,0.8640101986675794,-0.00022735457293200124,0,0,0,0,0,0,1,0
LCID,2026-07-24 13:00:00-04:00,0.78051172900247,-0.01775092058590866,33.49727515028806,-0.5252680330644732,0.33097504648738996,2.76234557676986,-0.008995386956144885,0,0,0,0,0,1,0,0
CHPT,2026-07-24 15:30:00-04:00,1.826415271555478,-0.001954985824464961,31.23133573441565,0.7850788372539943,0.7202942608853153,1.6120947262368237,-0.0007106250942809061,1,0,0,0,1,0,0,0
LCID,2026-07-24 15:45:00-04:00,2.0532080204675967,0.008000030517578027,49.49355983182391,-0.4419511095680697,0.5464670040093047,2.76234557676986,0.01254611398122119,1,1,0,0,0,0,0,0
AMC,2026-07-27 11:00:00-04:00,1.5907782161631032,0.012246063514602668,62.921536020990565,-0.42610248697482533,0.3441747946729906,-0.7523206946831585,0.010040781453842355,0,1,0,0,0,0,0,0
XPEV,2026-07-27 11:00:00-04:00,1.1422916125884932,0.012301565736390296,75.89808011952222,0.3910545329426751,0.7129357998297582,1.159299452836546,0.015699827015732602,0,0,0,0,0,0,0,1
RIVN,2026-07-27 11:00:00-04:00,0.5707985468936042,0.004814921745898371,77.36459633553267,0.05702343504199714,0.7137886214283141,2.586143649288788,0.012395699779297654,0,0,0,0,0,1,0,0
HOOD,2026-07-27 11:00:00-04:00,0.9855460289622548,-0.030714417255569892,40.103688905346345,-0.05445594489845851,0.3259999721174339,1.365073567762197,-0.02671296910735449,0,0,1,0,0,0,0,0
NIO,2026-07-27 11:00:00-04:00,0.9974359797897386,-0.0010869814227348895,60.26246555238913,-0.3964627350795056,0.7698024286995053,0.37399081606814205,9.300047910459734e-06,0,0,1,0,0,0,0,0
MSTR,2026-07-27 11:00:00-04:00,0.7977997351612264,-0.012515933226515341,62.915547203543966,0.3314863076402914,0.4365717790325693,0.617014852082622,-0.010707273975032777,0,0,0,0,0,1,0,0
SOFI,2026-07-27 11:00:00-04:00,0.6849158226785474,-0.0026455070951462156,58.11084396308023,-0.6865015942898789,0.5737726101324383,1.4026948327082394,0.0014662204874579497,0,0,1,0,0,0,0,0
LI,2026-07-27 11:00:00-04:00,1.1476362842761125,0.010028078497379633,84.34057980383548,0.07914533734801577,0.44302733207055706,-0.12112801974425524,0.009673015223319458,0,0,0,0,0,0,0,1
COIN,2026-07-27 11:00:00-04:00,1.1955141593239809,-0.017863595084992134,57.864181271677246,0.6098407041483482,0.5559121223727956,1.5803753002517897,-0.013231031706708682,0,0,0,0,0,1,0,0
DKNG,2026-07-27 11:00:00-04:00,1.0010433208338008,0.024477029337177214,86.95051565045709,0.1254733479964536,0.5020972887053929,-0.20842187075827223,0.02386608108611668,0,0,0,0,1,0,0,0
SIRI,2026-07-27 11:00:00-04:00,1.1186479943353755,0.012285779405666997,81.02452192400764,-0.9368330947089492,0.6976824422467056,0.1379630966608084,0.01269019143934255,0,0,0,0,0,1,0,0
AFRM,2026-07-27 11:00:00-04:00,1.1825263374626815,0.0029744524631418745,67.71029937877822,0.9540306816694499,0.6377362629960146,1.8115547104265586,0.008284673401131667,0,0,0,0,1,0,0,0
SNAP,2026-07-27 11:00:00-04:00,1.2501805143413494,0.008938539152060887,68.4881541093716,-0.41554772585039035,0.79200035804626,1.4068990940718782,0.013062590710636344,0,0,0,0,0,0,1,0
GME,2026-07-27 11:00:00-04:00,1.1019562087519938,0.007033979515300048,69.7919905389353,-0.6472414428359372,0.7141336929035156,0.2852830454188931,0.00787023137803302,0,0,1,0,0,0,0,0
CLOV,2026-07-27 11:00:00-04:00,1.1704739205660657,0.002275364943170599,55.10147942037761,0.6912937955562091,0.44580868423926545,1.7525013961141167,0.007412482554876759,0,0,1,0,0,0,0,0
BB,2026-07-27 11:00:00-04:00,0.9512980630112234,-0.016544202196994484,37.64359213166115,-0.9734793323862247,0.42561584433841726,1.751892844961673,-0.01140886843484746,0,0,0,0,0,0,0,1
CVNA,2026-07-27 11:00:00-04:00,0.5513432984420288,-0.011271152295933562,68.02701609589025,-0.4726397544469769,0.7160849631177979,2.676164001718364,-0.0034264970759577858,0,0,0,0,0,0,1,0
BBY,2026-07-27 11:00:00-04:00,0.9266413658755784,0.007567392263209349,77.44697593122373,0.5977729160797851,0.5099497215028582,1.0018506157910005,0.010504122843904121,0,0,0,1,0,0,0,0
PLTR,2026-07-27 11:00:00-04:00,1.2021123448359872,0.002187490463256836,69.99210716763272,-0.8093612156228924,0.698718242264716,-0.291104570634136,0.0013341739295475515,0,1,0,0,0,0,0,0
PTON,2026-07-27 11:00:00-04:00,0.901268155446018,-0.000830568460624681,55.95004324483911,0.4276110977726897,0.5298259410630146,0.9142408572630921,0.0018493511215231123,0,0,0,0,0,0,1,0
TLRY,2026-07-27 11:00:00-04:00,0.5430373707335218,-0.004999995231628418,60.63098523006235,-0.7140818445142088,0.6930937911746233,0.06701340488553544,-0.004803558445203477,0,1,0,0,0,0,0,0
RIOT,2026-07-27 11:00:00-04:00,0.40630072968014064,-0.0417039654549215,29.433975070621443,-0.48778577401055623,0.7747755129929303,1.7896769795676801,-0.036457874837597076,0,0,0,1,0,0,0,0
FUBO,2026-07-27 11:00:00-04:00,0.6253079404369215,0.013932717280368712,70.83499423977956,0.2258419427983378,0.5348789933534508,1.2872346137119708,0.017705995646457355,0,1,0,0,0,0,0,0
UPST,2026-07-27 11:00:00-04:00,0.5791450945306748,-0.008068867836575566,55.00359194101302,-0.6116271088683589,0.5369737902905776,2.508844870214281,-0.0007146761672314119,0,0,0,0,0,0,0,1
MARA,2026-07-27 11:00:00-04:00,0.5231746876295542,-0.033877016775893165,23.144023302154878,0.5250752423342839,0.7555546459172152,2.809587053560912,-0.025641257782221274,0,0,0,0,0,0,0,1
SNDL,2026-07-27 11:00:00-04:00,0.8020718072022124,-0.0034509921251744125,55.934177495626464,-0.8461229419417371,0.3608310256694652,-0.4267902322955429,-0.004702044834000232,0,0,0,1,0,0,0,0
NOK,2026-07-27 11:00:00-04:00,1.541536447824284,-0.012020410797609626,40.84631320998352,-0.9531059879122445,0.31444282454353023,3.306524280628643,-0.002327976798290077,0,0,0,1,0,0,0,0
CHPT,2026-07-27 15:15:00-04:00,1.1270920241320281,0.02005730972216746,71.50092180876997,-0.2843738461781393,0.7647735839642126,1.9614893325058314,0.013270505248730809,0,0,0,0,0,0,1,0
LCID,2026-07-27 15:30:00-04:00,0.8251196151086789,0.01537277523032965,76.79096767001795,0.08305074405628665,0.4000697768482412,2.6531332805429155,0.007972925244874987,1,0,0,0,1,0,0,0
CHPT,2026-07-28 09:30:00-04:00,1.3325399401348768,-0.0018868355701793238,48.94363231218385,-0.0046809779913494776,0.5544333348087063,1.6101416335545897,0.004546379198025482,0,0,0,0,1,0,0,0
LCID,2026-07-28 09:45:00-04:00,1.8077585483061553,-0.0256797702768522,48.02847638772844,0.02089626004456413,0.7985916427798966,2.936712837110339,-0.005250661861418936,1,0,0,0,0,1,0,0
FUBO,2026-07-28 12:30:00-04:00,0.4027377324363623,-0.006615156335299743,69.61015585515568,-0.34240616791827283,0.4129617458377959,1.6345937800115933,-0.004832509725264665,0,1,0,0,0,0,0,0
CVNA,2026-07-28 12:30:00-04:00,0.9213746345287814,0.017292577482827642,78.78084785865462,-0.13619476700975497,0.3315639257069876,3.0562348495896434,0.02062562986606466,0,0,0,0,0,0,0,1
COIN,2026-07-28 12:30:00-04:00,0.4691967106433608,-0.0021511837300375314,61.56215093426427,0.6115696239453012,0.40421755391027386,1.6704071980419442,-0.00032947991262391885,0,1,0,0,0,0,0,0
GME,2026-07-28 12:30:00-04:00,0.7529825751946563,-0.001590540729240808,64.8100599654991,-0.8638062871692807,0.4891424136868707,0.4022815695649821,-0.001151822629958967,0,0,0,0,0,1,0,0
BB,2026-07-28 12:30:00-04:00,0.6820908497495303,0.006215064047320196,55.83027998495497,0.05816333936088447,0.5461499554395638,1.8329270802393347,0.008214007935389421,0,0,0,1,0,0,0,0
RIVN,2026-07-28 12:30:00-04:00,0.25968718559970605,-0.0021347878276840593,54.66329534852231,0.504942439625343,0.46783677453814254,2.340661885894014,0.00041787879025552725,0,0,0,0,0,0,0,1
PLTR,2026-07-28 12:30:00-04:00,0.3637356882655506,0.0026228467326046,51.14120551392931,0.08627163594817233,0.7466574364854556,-0.2358049000402361,0.0023656838761036986,0,0,0,0,0,0,1,0
LI,2026-07-28 12:30:00-04:00,0.8193670987614854,0.0021335092487411167,70.61646956946274,0.5749055309268791,0.759899333381126,-0.2770692528663155,0.0018313445333195356,0,1,0,0,0,0,0,0
HOOD,2026-07-28 12:30:00-04:00,0.45283226153036793,0.0018255816573367056,59.16092798925588,0.8301920036829631,0.7458994687075693,1.3536264337462418,0.0033018123899377417,0,1,0,0,0,0,0,0
RIOT,2026-07-28 12:30:00-04:00,0.21724781305489613,-0.018292654560549404,42.9644464381908,-0.9384284732280739,0.619187503187197,1.7300206038334012,-0.016405937871408094,0,0,0,0,1,0,0,0
CLOV,2026-07-28 12:30:00-04:00,1.4931809558676563,0.007001216073897476,64.85337269651961,0.4957447784361688,0.44819163917461535,1.9784802678341336,0.00915889658486259,0,0,0,0,1,0,0,0
SOFI,2026-07-28 12:30:00-04:00,1.0382065532114007,-0.0032895021519320222,53.92558855037426,-0.05510464420775696,0.5063670948423811,1.4782770678815211,-0.0016773305922599309,0,1,0,0,0,0,0,0
AFRM,2026-07-28 12:30:00-04:00,0.39978992957779297,-6.875219902069407e-05,57.632637436527645,-0.8852053121985402,0.3481387763201842,1.911066068563863,0.0020154080922623633,0,0,0,0,1,0,0,0
DKNG,2026-07-28 12:30:00-04:00,0.7285332943918814,0.005532796352148761,62.54816517511455,0.8873215771041578,0.5415340642798416,-0.06709036329146592,0.005459629299789914,0,0,0,0,0,0,1,0
NIO,2026-07-28 12:30:00-04:00,0.9177323227304063,-0.0021322449381295794,52.864590455525736,0.3456351328158933,0.7460377891034501,0.40107317662820713,-0.0016948446816039471,0,0,1,0,0,0,0,0
BBY,2026-07-28 12:30:00-04:00,0.6857419358191277,-0.005916218736081946,48.41824032443606,-0.6309903317199992,0.3274143401933409,0.9825506126811254,-0.0048446739031684895,0,1,0,0,0,0,0,0
AMC,2026-07-28 12:30:00-04:00,1.0590915957288847,0.0019805870800464476,63.57766984583992,-0.9528352848537951,0.37826885883911265,-0.8273850925066737,0.0010782618366822392,1,0,0,0,0,0,1,0
MARA,2026-07-28 12:30:00-04:00,0.496733388772688,-0.016171282581129653,46.09357806751295,0.748173103807251,0.6829328061579327,2.7147603546105032,-0.013210633640467638,0,0,0,0,0,0,1,0
SNAP,2026-07-28 12:30:00-04:00,0.43212102078498477,-0.0009311696396917535,65.91727849053828,0.7784893708439267,0.5940896311290069,1.5459091076398084,0.0007547597109857664,0,0,0,0,0,0,1,0
SNDL,2026-07-28 12:30:00-04:00,1.3348004192153822,-0.007968119921316186,32.811464935116305,0.13572210607611046,0.5218466992689581,-0.3981388230539034,-0.008402320046092975,0,0,0,0,1,0,0,0
MSTR,2026-07-28 12:30:00-04:00,0.3511102347502504,-0.0016387999305125245,57.051514916169204,-0.5618323903078097,0.4468974732819522,0.4520104736884755,-0.0011458487468763087,0,0,0,0,1,0,0,0
UPST,2026-07-28 12:30:00-04:00,0.2934367584586563,0.002919705285395313,62.45546764182723,0.9420277684545304,0.7982242113155305,2.787362010920181,0.005959531755108284,0,0,0,0,1,0,0,0
PTON,2026-07-28 12:30:00-04:00,1.6960400894709615,0.0015540371360929228,71.46518643559929,-0.6462405179208255,0.444740647459932,1.0829351689591058,0.002735058825664642,0,0,0,0,0,1,0,0
SIRI,2026-07-28 12:30:00-04:00,0.5330665650741082,-0.010094687522751333,37.011723695653224,0.03637765823206496,0.5478133932988559,0.18306165055454227,-0.009895045119373188,0,1,0,0,0,0,0,0
TLRY,2026-07-28 12:30:00-04:00,0.6338413717589108,-0.011040443494738872,45.85887716529657,-0.7621258632392025,0.7831060037470323,0.16761251579048714,-0.010857649526765224,0,0,0,0,0,1,0,0
XPEV,2026-07-28 12:30:00-04:00,0.3330125153467234,-0.006619967732668264,46.45321253879772,-0.0805200174920635,0.6391768587282174,1.1751327536295513,-0.005338397690486866,0,0,0,0,0,1,0,0
NOK,2026-07-28 12:30:00-04:00,0.31340176242481443,-0.0028042197013175008,52.771946391435996,0.564997124715729,0.4454884679830234,3.117031512900156,0.0005951359843529578,0,0,0,1,0,0,0,0
PTON,2026-07-28 15:00:00-04:00,3.3439748636501183,0.007757907302710976,70.75430368976016,-0.7478249932525751,0.7120617269095522,1.0829351689591058,0.006083743598395037,1,0,0,0,0,0,1,0
XPEV,2026-07-28 15:00:00-04:00,0.9024878073087765,-0.008963349322058667,31.13498823140408,0.018057120869847232,0.7670014779818406,1.1751327536295513,-0.010780045889195209,1,0,0,0,0,1,0,0
MARA,2026-07-28 15:00:00-04:00,2.5531937606863457,0.008964624281805333,49.91012642481139,0.4985668898932081,0.4811193250072408,2.7147603546105032,0.004767740311388818,0,0,1,0,0,0,0,0
NOK,2026-07-28 15:00:00-04:00,0.43380651323813935,0.01133791212355817,61.931604798706026,0.8184684692437603,0.5489795940943429,3.117031512900156,0.006519137026317329,0,0,1,0,0,0,0,0
PLTR,2026-07-28 15:00:00-04:00,0.7811224452772149,-0.0007695210343371395,42.8799633055922,0.6950294182554335,0.5626894298401426,-0.2358049000402361,-0.0004049784317299477,0,0,0,0,1,0,0,0
GME,2026-07-28 15:00:00-04:00,0.9990218866969814,0.008887861899616656,73.61984625781878,-0.6970257559982007,0.7107984740584684,0.4022815695649821,0.008265954677480468,0,0,0,1,0,0,0,0
CVNA,2026-07-28 15:00:00-04:00,1.1984529068554595,0.0019991524719802367,64.6531012401446,-0.19414061205593391,0.4006190408317993,3.0562348495896434,-0.002725634019132123,1,0,0,0,0,1,0,0
RIOT,2026-07-28 15:00:00-04:00,0.687050559779206,0.008137868897123424,55.12659138676915,0.8301813027922851,0.5960782491230063,1.7300206038334012,0.005463343417042726,0,0,0,0,0,0,0,1
UPST,2026-07-28 15:00:00-04:00,0.7444535099270161,0.005107563892354117,57.172036292633244,0.9356795773568354,0.3640104485343685,2.787362010920181,0.0007984413860114741,0,0,0,0,0,0,0,1
NIO,2026-07-28 15:00:00-04:00,0.827165618592196,-0.002134418818956263,44.628139075680856,-0.03002901015506798,0.6097964759419141,0.40107317662820713,-0.0027544579259427275,1,0,0,0,0,1,0,0
LI,2026-07-28 15:00:00-04:00,0.7675797069331569,-0.004863417994496744,48.24756752226492,-0.43361539811890637,0.47128593973110433,-0.2770692528663155,-0.004435082762594938,1,0,0,0,1,0,0,0
SIRI,2026-07-28 15:00:00-04:00,1.0084252907843723,0.0011157107579142789,45.929535984504554,-0.6683431573199046,0.32860041448759614,0.18306165055454227,0.0008327065857391708,0,0,0,0,0,0,1,0
SNAP,2026-07-28 15:00:00-04:00,2.2623529270175338,0.0010337289791171322,58.30789600136015,-0.4858948166610295,0.328165060826845,1.5459091076398084,-0.0013561693198453446,1,0,0,0,0,1,0,0
COIN,2026-07-28 15:00:00-04:00,0.6298102783197298,-0.0012694441869335327,42.3268370771189,-0.5628207480984078,0.7960690681627051,1.6704071980419442,-0.003851810317934597,0,0,0,0,0,0,0,1
SOFI,2026-07-28 15:00:00-04:00,0.6185889418626991,0.0002954464219586672,39.77814513445056,-0.47203148428240427,0.5892990349126574,1.4782770678815211,-0.001989896120151801,0,0,0,0,0,0,0,1
FUBO,2026-07-28 15:00:00-04:00,1.1768421612739481,-0.01150679914918662,50.63397301036718,-0.030449001472439674,0.56903049947963,1.6345937800115933,-0.014033799523942517,0,0,1,0,0,0,0,0
CLOV,2026-07-28 15:00:00-04:00,0.42121190004323,0.003440966831621317,60.773280438406964,0.702581283888323,0.4628636912814219,1.9784802678341336,0.0003823351156554424,0,0,1,0,0,0,0,0
BB,2026-07-28 15:00:00-04:00,0.6700636505781016,0.008155590832066517,54.04858504414414,0.8345897779189391,0.3743778859281769,1.8329270802393347,0.005321977077196985,0,0,0,0,0,0,0,1
BBY,2026-07-28 15:00:00-04:00,1.1749767481505065,-0.0005049172296093252,35.08948634552185,-0.858355758367966,0.6152937056656566,0.9825506126811254,-0.0020238914217442245,0,0,0,0,0,0,1,0
AMC,2026-07-28 15:00:00-04:00,1.9024054051813772,0.022018736046385268,81.67630531672077,-0.8896123764248749,0.45257086120090034,-0.8273850925066737,0.023297832091163425,0,0,0,0,0,0,0,1
TLRY,2026-07-28 15:00:00-04:00,0.8833786965031231,0.00819078263736106,51.87667035633777,-0.19934717839507643,0.5452674142949205,0.16761251579048714,0.007931662056213776,0,0,0,1,0,0,0,0
RIVN,2026-07-28 15:00:00-04:00,0.21494710967363248,-0.000925386705157627,51.929778863052846,-0.8679051472595638,0.6877563829528326,2.340661885894014,-0.004543933120273113,1,0,0,1,0,0,0,0
HOOD,2026-07-28 15:00:00-04:00,0.5377132300786855,-0.005258599075125159,33.29190115664349,-0.3683080749010148,0.6860414677041835,1.3536264337462418,-0.007351237960201536,0,0,1,0,0,0,0,0
CHPT,2026-07-28 15:00:00-04:00,0.6884618912675555,-0.00472145325915263,41.002852209445514,-0.02064057583635881,0.47020645063461525,1.6101416335545897,-0.007210651836290043,1,0,0,1,0,0,0,0
MSTR,2026-07-28 15:00:00-04:00,0.4765436027468564,-0.006697436696147752,27.53227279284019,0.6598486293640178,0.3540774619175894,0.4520104736884755,-0.00739622232128103,0,0,1,0,0,0,0,0
AFRM,2026-07-28 15:00:00-04:00,0.7174982747252782,-0.005257489771677393,31.140452740147268,-0.1544492119874743,0.440505052481581,1.911066068563863,-0.008211902501309773,0,0,0,1,0,0,0,0
SNDL,2026-07-28 15:00:00-04:00,1.074313362417377,-0.011310865710327911,27.704730904182398,-0.1409238297421076,0.6730207118491458,-0.3981388230539034,-0.010695362967466041,0,0,0,0,0,0,1,0
DKNG,2026-07-28 15:00:00-04:00,1.6544819469883494,0.010710290823347846,60.695914196114586,-0.5798032994412308,0.7967431254709222,-0.06709036329146592,0.010814009175426024,0,0,0,0,1,0,0,0
LCID,2026-07-28 15:15:00-04:00,2.5770444875303142,0.0,71.64898737972385,0.2610922240507023,0.4188066576511753,2.936712837110339,-0.007624275840322445,1,0,1,0,0,0,0,0
CLOV,2026-07-28 15:30:00-04:00,1.2306945959165814,0.006904536537854833,69.47737718027258,0.26842197330943796,0.7115420270388206,1.9784802678341336,0.00481007344333461,0,0,0,0,0,1,0,0
SOFI,2026-07-28 15:30:00-04:00,0.883172077136825,-0.002106521089031199,39.45297513077372,0.6741628385049907,0.6362111139961365,1.4782770678815211,-0.003671457981499102,0,0,0,0,0,0,1,0
BBY,2026-07-28 15:30:00-04:00,1.3153039513081026,0.004604542509828002,53.40584709223436,0.19924616572228993,0.4464317378290724,0.9825506126811254,0.0035643926381228493,0,0,0,1,0,0,0,0
RIVN,2026-07-28 15:30:00-04:00,0.9390978471324617,0.008549581047232913,64.363080999791,0.8870358860017478,0.44644207353695226,2.340661885894014,0.006071704458591537,0,0,0,0,0,0,0,1
TLRY,2026-07-28 15:30:00-04:00,1.0123410412379432,0.00625002384185791,51.141764573333596,-0.7023173104748026,0.7262114721779094,0.16761251579048714,0.006072585514971198,0,0,0,1,0,0,0,0
AFRM,2026-07-28 15:30:00-04:00,1.6755586396461897,0.0045097750257683256,54.265563284479086,-0.4753479796669593,0.3384329084096565,1.911066068563863,0.002486678097852727,0,0,0,1,0,0,0,0
SNAP,2026-07-28 15:30:00-04:00,2.338413001420946,-0.003448056691128798,54.358935797431094,-0.3359338501036444,0.43448037506682186,1.5459091076398084,-0.005084590360973675,1,0,0,1,0,0,0,0
RIOT,2026-07-28 15:30:00-04:00,1.4697798957615968,0.014278878333763512,66.73090940952207,0.41673167875410533,0.47619420166828813,1.7300206038334012,0.012447440150427319,0,0,1,0,0,0,0,0
FUBO,2026-07-28 15:30:00-04:00,1.4280691451957621,-0.0050027878673116755,41.6399295222998,-0.0034531576356775506,0.6276944730175136,1.6345937800115933,-0.0067332050983687445,0,0,0,0,0,0,1,0
AMC,2026-07-28 15:30:00-04:00,1.4535151101055892,0.00554933684115011,63.75720503782708,0.7032724067980789,0.3418894694828166,-0.8273850925066737,0.006425225051603927,0,0,0,1,0,0,0,0
XPEV,2026-07-28 15:30:00-04:00,1.0989422406619878,-0.004313749425551516,27.61867782030545,-0.06616343572158478,0.31557526586812495,1.1751327536295513,-0.005557771023165631,1,0,0,0,0,0,0,1
MSTR,2026-07-28 15:30:00-04:00,0.6864587069603234,-0.004065458025724555,28.791832725019674,0.4721316740776993,0.6039091348335623,0.4520104736884755,-0.004543966338831717,0,0,0,1,0,0,0,0
CVNA,2026-07-28 15:30:00-04:00,2.8046660478876118,0.020067969685934717,80.04857992945531,0.18675707998762547,0.6113226850683423,3.0562348495896434,0.016832571686408792,1,0,0,0,1,0,0,0
HOOD,2026-07-28 15:30:00-04:00,1.0458873624003062,-0.001958440844345044,34.68731648668101,0.5935248057613065,0.49195859599105785,1.3536264337462418,-0.003391419810747458,0,0,1,0,0,0,0,0
SIRI,2026-07-28 15:30:00-04:00,1.1422106755643853,0.002066728939020601,62.171749962040714,-0.3407363643762853,0.7790155955434286,0.18306165055454227,0.0018729358154085188,0,0,0,0,1,0,0,0
COIN,2026-07-28 15:30:00-04:00,0.8357562544195696,0.004082885614503429,53.03843131700539,0.2911069296036668,0.7397171560235625,1.6704071980419442,0.0023145555047724116,0,0,0,0,0,0,0,1
MARA,2026-07-28 15:30:00-04:00,1.3106459483584358,0.006690543026174334,49.8063541256552,0.7585435218240353,0.5663496508564598,2.7147603546105032,0.003816637500989173,0,0,0,0,1,0,0,0
GME,2026-07-28 15:30:00-04:00,2.034418771741627,0.0077010224425155815,81.77373986541622,0.4049407454740177,0.5476947365484909,0.4022815695649821,0.00727515825030815,0,0,1,0,0,0,0,0
PLTR,2026-07-28 15:30:00-04:00,1.321831145342059,-0.0007314991366623724,37.25004192567194,0.05931994560775067,0.41633066863112794,-0.2358049000402361,-0.0004818708392914988,0,0,0,1,0,0,0,0
NOK,2026-07-28 15:30:00-04:00,0.724619205409337,0.0073281324573004625,59.901070472583505,-0.6959894017270336,0.45397905773791825,3.117031512900156,0.004028373761514858,0,0,0,0,0,0,0,1
SNDL,2026-07-28 15:30:00-04:00,0.6499837085379607,0.0,24.65754882671331,0.4839641272907318,0.7274686360823577,-0.3981388230539034,0.00042147858886406003,0,1,0,0,0,0,0,0
UPST,2026-07-28 15:30:00-04:00,1.362100258803165,0.00018178766424004067,51.83596469668592,-0.7591387235540454,0.4022116407066876,2.787362010920181,-0.002768975584630242,0,0,0,0,1,0,0,0
BB,2026-07-28 15:30:00-04:00,1.002186455035267,0.00625002384185791,55.646247148342226,-0.8358154539453544,0.7847678115830816,1.8329270802393347,0.004309646580117214,0,0,1,0,0,0,0,0
DKNG,2026-07-28 15:30:00-04:00,2.8762336256560386,0.012090167250244921,69.7347200277379,0.10947657751607265,0.5156969382635301,-0.06709036329146592,0.012161190596899652,0,0,1,0,0,0,0,0
PTON,2026-07-28 15:30:00-04:00,2.9255710816735507,0.003091187260443773,67.33405969772095,-0.38531411917516567,0.4000002715890355,1.0829351689591058,0.0019447680709181374,1,1,0,0,0,0,0,0
LI,2026-07-28 15:30:00-04:00,2.0473550041876534,-0.00826450840598325,29.077067161970504,0.3758212819497828,0.7732281719405387,-0.2770692528663155,-0.007971196749461115,1,1,0,0,0,0,0,0
NIO,2026-07-28 15:30:00-04:00,0.9998845340879197,-0.002139086304564164,40.227780292172305,-0.05289124958485569,0.6951010679413006,0.40107317662820713,-0.0025636712652063872,1,0,1,0,0,0,0,0
CHPT,2026-07-29 09:45:00-04:00,0.6366264638028211,0.018832373956716664,72.17709162534915,0.974160585151618,0.5880526900229319,1.6235524186433423,0.028180951644138447,0,0,0,0,0,0,1,0
LCID,2026-07-29 10:00:00-04:00,1.7055691499742458,0.017676810855318248,69.72615629828658,-0.5560637097366083,0.4673401585271193,2.779951064005555,0.043990661928685296,0,0,0,0,1,0,0,0
SOFI,2026-07-29 13:15:00-04:00,0.8702445347034916,0.022067778137363936,56.84401672951277,0.48104026618717843,0.7850549697297697,1.8951930998855315,0.01908547788601311,0,0,1,0,0,0,0,0
RIOT,2026-07-29 13:15:00-04:00,0.7867405018751316,0.007794212106474907,41.25122178506413,0.8526625070045257,0.3687472024943873,2.462588017384444,0.003919051911103394,0,0,0,1,0,0,0,0
BBY,2026-07-29 13:15:00-04:00,0.6579515604786363,-0.00033094798839261585,62.85517070855636,0.6268084462444825,0.3863401697491935,0.952741138213404,-0.0018301937043767671,0,0,0,0,0,0,1,0
CLOV,2026-07-29 13:15:00-04:00,0.8364974367555934,-0.0058754629130525204,42.445361914903565,-0.20057145522469422,0.40424582503423323,1.8803720758191964,-0.008834440610199779,0,0,1,0,0,0,0,0
AMC,2026-07-29 13:15:00-04:00,0.45332455295909213,0.00749062934645095,61.03567501941696,-0.7496942056204501,0.785555892368829,-0.7693490951102008,0.008701286983323026,1,0,0,0,1,0,0,0
SNAP,2026-07-29 13:15:00-04:00,0.41792118775400056,0.001048242025348367,55.56678521548894,-0.9987500695118576,0.5879983532953403,1.0619303135413707,-0.0006228251820949145,0,0,0,1,0,0,0,0
RIVN,2026-07-29 13:15:00-04:00,0.4887501127607054,0.007059531286370158,55.22124751851618,0.2867914210228413,0.6954749005044136,2.3267968464721243,0.003398053825052232,0,0,1,0,0,0,0,0
DKNG,2026-07-29 13:15:00-04:00,0.380924409394694,-0.002850150502702098,54.72577280002014,0.6073670132394717,0.5542080342139499,-0.06634833800848756,-0.0027457439041705957,0,0,1,0,0,0,0,0
PTON,2026-07-29 13:15:00-04:00,0.6987971635370415,-0.0015140391904554518,52.20264326241771,-0.7901825998165211,0.5841927452773172,0.810105313903541,-0.002788831337715324,0,0,0,0,0,0,1,0
TLRY,2026-07-29 13:15:00-04:00,0.6989961105788568,-0.004986802040062743,37.33803439010385,0.5546640497615665,0.7278422532735365,0.12039336488984842,-0.00517625458840394,1,0,0,0,0,0,0,1
BB,2026-07-29 13:15:00-04:00,0.4039822638794755,0.005756188262977524,45.584242467697415,0.9861282862544338,0.32585122241005077,1.876172689846598,0.002803818773638935,1,0,0,0,0,0,0,1
PLTR,2026-07-29 13:15:00-04:00,0.6080074195893741,0.003204626877558736,60.81384787866028,-0.36219427503800805,0.411754669803158,-0.4159477368915669,0.0038591675891914722,0,0,0,0,0,0,0,1
MSTR,2026-07-29 13:15:00-04:00,0.35024870417834475,0.002818122109812249,53.352216623834984,0.3233843451404814,0.7814671322707274,0.30075571047738703,0.0023448490533590134,1,0,0,0,0,1,0,0
COIN,2026-07-29 13:15:00-04:00,0.33356545357994466,-0.002340036596981565,44.28365041410498,-0.2823873409110007,0.7015555928700378,1.636585567848847,-0.0049153887078812655,0,0,1,0,0,0,0,0
LI,2026-07-29 13:15:00-04:00,0.48058702582187174,0.0007222300480074217,66.11169970234366,-0.6614773400984091,0.7722430518442798,-0.6513687697525837,0.0017472323265997928,0,0,1,0,0,0,0,0
SNDL,2026-07-29 13:15:00-04:00,1.496119734527421,0.025316533373572758,61.091112014249966,-0.4334844654717933,0.4528088312733285,-0.3206801163432387,0.025821159731505054,0,0,0,0,0,0,0,1
AFRM,2026-07-29 13:15:00-04:00,0.7740629436114176,0.009147221337053146,62.47384515697505,-0.10677826142131752,0.37646340921791704,1.6436713427000664,0.00656071895966024,0,0,0,0,1,0,0,0
MARA,2026-07-29 13:15:00-04:00,0.8421301637562364,-0.00046800624421250436,40.15242962715,-0.6719852570785383,0.47577394311223997,3.1224231068438284,-0.005381491427820663,0,0,0,0,1,0,0,0
NOK,2026-07-29 13:15:00-04:00,0.4150920845031873,0.005319835310074961,38.28964467493522,-0.5990793989791932,0.40853260192482327,3.080017906662114,0.000473079495188199,1,1,0,0,0,0,0,0
NIO,2026-07-29 13:15:00-04:00,0.3993319027922398,0.0010067417492383157,49.68169737157583,0.29853773669415107,0.5577684942553242,0.19897027607528184,0.0006936395622440213,0,0,0,1,0,0,0,0
GME,2026-07-29 13:15:00-04:00,0.1908845126074718,-0.00045673572380722227,45.45365466130027,-0.3225276923814955,0.30809755001369254,0.49153085286688625,-0.001230214999423063,0,0,0,0,0,0,1,0
HOOD,2026-07-29 13:15:00-04:00,0.616704641878737,0.004018526822830104,48.460767450469014,0.2369216612406464,0.3691246052287511,1.2506070845930897,0.002050555420365434,1,0,0,0,0,0,1,0
CVNA,2026-07-29 13:15:00-04:00,1.2036248671778826,0.008171194052993824,67.82760310028883,0.9631238211322728,0.35586788594254676,2.437394602324628,0.004335678539776237,0,0,1,0,0,0,0,0
FUBO,2026-07-29 13:15:00-04:00,0.6596293988086164,-0.0017045844315488612,41.22553515791474,0.15355519044697452,0.4296864343639514,1.5820747605514172,-0.004194157634581981,1,0,0,1,0,0,0,0
SIRI,2026-07-29 13:15:00-04:00,0.8084310901778348,-0.0031113402619821207,63.79617504694183,0.2799932764169277,0.6551981565721482,0.010573494607001572,-0.003127978849166731,0,0,0,0,0,1,0,0
UPST,2026-07-29 13:15:00-04:00,0.6979231562152114,0.0052258075723803366,54.08682266845322,0.40401784277300745,0.4137361131744792,2.570304529451676,0.0011811432874085908,0,0,1,0,0,0,0,0
XPEV,2026-07-29 13:15:00-04:00,1.3843499897169012,0.005353778165941625,71.71933812422864,0.3285350916961487,0.37288528144555494,0.8032476585055,0.004089777313467751,0,0,0,1,0,0,0,0
RIOT,2026-07-29 14:15:00-04:00,0.5212441711279051,-0.00953339930133712,35.17888068991819,0.7234508686602794,0.6469530172585982,2.462588017384444,-0.0193909813889599,1,1,0,0,0,0,0,0
SNAP,2026-07-29 14:15:00-04:00,0.4462822695997482,0.009424099559202759,70.3263461110711,0.463808587676372,0.42050990888631073,1.0619303135413707,0.005173260538152307,0,0,0,1,0,0,0,0
SOFI,2026-07-29 14:15:00-04:00,0.9268586525762801,-0.009026973325064969,43.772106857731416,-0.7630275958510555,0.689381028821098,1.8951930998855315,-0.01661330990354812,0,0,0,0,0,1,0,0
PTON,2026-07-29 14:15:00-04:00,0.6941345728823534,0.0045489326402963215,64.78419620027347,-0.9502195599798708,0.340350976067418,0.810105313903541,0.0013061329616455247,0,0,0,0,0,1,0,0
MSTR,2026-07-29 14:15:00-04:00,1.234550207170572,0.0133222185148123,57.92908657332469,-0.580915780758753,0.3321512792509759,0.30075571047738703,0.012118312671275777,0,0,0,0,0,1,0,0
PLTR,2026-07-29 14:15:00-04:00,0.5400504510600942,0.0015572567714683405,57.54251951850836,-0.7716376688722082,0.5047978687754058,-0.4159477368915669,0.0032222689178867565,0,0,1,0,0,0,0,0
CVNA,2026-07-29 14:15:00-04:00,1.2819299486803772,0.003241986718602652,63.96376712365262,-0.5801972850153874,0.6903545978686939,2.437394602324628,-0.006514747742349933,0,0,0,0,0,0,1,0
SNDL,2026-07-29 14:15:00-04:00,0.22009783022985543,0.013497925218788343,64.22936629456203,0.8325845797716047,0.4999705428770604,-0.3206801163432387,0.014781587182708474,0,1,0,0,0,0,0,0
AFRM,2026-07-29 14:15:00-04:00,1.0981025940420708,0.004044079197180528,66.38999220198875,0.7782694656308984,0.7721645669830043,1.6436713427000664,-0.0025354318990149878,0,0,1,0,0,0,0,0
COIN,2026-07-29 14:15:00-04:00,0.673262853879151,-0.005757232051563421,37.7423900755498,-0.3245908948140661,0.5713396367469687,1.636585567848847,-0.012308379244922889,0,0,0,0,1,0,0,0
DKNG,2026-07-29 14:15:00-04:00,0.455867309275907,-0.002245827100441411,46.2545895800438,-0.6973333106276054,0.7548283163302405,-0.06634833800848756,-0.001980238953468021,0,0,1,0,0,0,0,0
XPEV,2026-07-29 14:15:00-04:00,0.5955648492006149,0.004184050938467632,75.96575586920443,0.6051483928048447,0.424936734023635,0.8032476585055,0.0009687020150944544,0,0,0,0,1,0,0,0
UPST,2026-07-29 14:15:00-04:00,0.8561368291572002,0.008169302297119208,62.034417603269674,0.24264115414692244,0.680841251364154,2.570304529451676,-0.002119462088313557,0,0,0,0,0,1,0,0
NOK,2026-07-29 14:15:00-04:00,0.48749844486212685,0.004125020919580447,46.654342508201175,-0.9742510363514068,0.4587872341659852,3.080017906662114,-0.008204093464122828,1,1,0,0,0,0,0,0
LI,2026-07-29 14:15:00-04:00,0.3414194258885927,0.0021653329221738016,71.28630069813856,-0.018673152782667568,0.450547506343083,-0.6513687697525837,0.004772720382772967,0,0,0,0,1,0,0,0
AMC,2026-07-29 14:15:00-04:00,0.5064244541593488,0.018587342473125545,75.22235439500385,0.8356183642453683,0.4948863293870401,-0.7693490951102008,0.021666997618667153,0,0,0,0,0,1,0,0
HOOD,2026-07-29 14:15:00-04:00,0.7618436886818952,0.0018894983509925023,48.24095261579023,-0.529280974119593,0.7880895021855481,1.2506070845930897,-0.003116601698512622,1,0,0,0,0,1,0,0
SIRI,2026-07-29 14:15:00-04:00,0.8199467408798974,0.008114803810982396,74.7481634893398,0.8844116362128207,0.4388913109315064,0.010573494607001572,0.00807247878937677,0,0,0,1,0,0,0,0
FUBO,2026-07-29 14:15:00-04:00,0.5385126899110457,0.02219689222665866,72.88482502116551,0.728581615769885,0.41232239291491296,1.5820747605514172,0.015863948303112763,0,0,0,0,1,0,0,0
TLRY,2026-07-29 14:15:00-04:00,1.7448590674570015,0.006297540998015938,43.79358713906806,-0.45358790620411926,0.6615461857188676,0.12039336488984842,0.005815614070398012,1,0,0,0,0,0,1,0
GME,2026-07-29 14:15:00-04:00,0.3507566986507886,-0.0011423174900077049,44.20706660908977,0.7795857790823799,0.34916791610587544,0.49153085286688625,-0.0031098840080486917,0,0,1,0,0,0,0,0
MARA,2026-07-29 14:15:00-04:00,0.5222219972271006,0.0,41.331322078470315,-0.547308973664326,0.3183317762600302,3.1224231068438284,-0.012498859683681345,1,0,0,0,1,0,0,0
BB,2026-07-29 14:15:00-04:00,0.5981689747281197,0.010037960719160521,59.65063682931122,-0.7301040714011662,0.7780160013082289,1.876172689846598,0.002527761623673073,1,1,0,0,0,0,0,0
CLOV,2026-07-29 14:15:00-04:00,0.7747718158168361,0.0011820601461871583,48.43277858882959,-0.35634968856628535,0.5032629935938978,1.8803720758191964,-0.0063449488223485916,0,0,0,0,1,0,0,0
BBY,2026-07-29 14:15:00-04:00,0.704073960373933,0.004028091395122058,71.50300868068882,-0.8367508120171707,0.5364968768153537,0.952741138213404,0.00021432964857993767,0,0,0,0,0,0,1,0
NIO,2026-07-29 14:15:00-04:00,0.18817796064356188,0.003373479241672639,55.19686504193199,-0.7140690778080245,0.5664197634615249,0.19897027607528184,0.002577013971979555,0,0,0,1,0,0,0,0
RIVN,2026-07-29 14:15:00-04:00,0.3871700285191055,0.005181291125568199,59.41654945211364,-0.926784434170991,0.4407800459552966,2.3267968464721243,-0.004132727603265758,0,0,0,1,0,0,0,0
CHPT,2026-07-30 09:30:00-04:00,1.53739598110635,0.002822176166342283,58.46773082974515,-0.19834953784468112,0.52276372989728,2.0561588415099705,0.015694390606399905,0,0,0,0,0,1,0,0
LCID,2026-07-30 09:45:00-04:00,0.6752796344959865,-0.010171637130852895,42.383731764622034,-0.28294502536389454,0.6155724924908414,2.3720944544438183,-0.014660430579652751,0,0,1,0,0,0,0,0
RIVN,2026-07-30 10:45:00-04:00,0.60994396234148,-0.006396676437930515,41.51522863664676,-0.24893386254647987,0.5667066073844718,2.1898319720392267,0.006162301436055605,0,0,0,1,0,0,0,0
NOK,2026-07-30 10:45:00-04:00,1.0124122235204345,-0.018847624513816053,63.53895929173286,-0.15461472535221832,0.6461068038594455,3.368048174370456,0.000468580126783736,0,0,0,0,0,1,0,0
RIOT,2026-07-30 10:45:00-04:00,0.7896356911768656,-0.02804983020690066,67.15194258807361,-0.02333945352933431,0.4976862647131475,3.812206709960104,-0.006186317237517121,1,1,0,0,0,0,0,0
SOFI,2026-07-30 10:45:00-04:00,0.6161212658880747,0.010827961407172015,67.23824246389174,0.6339508879133771,0.7207609128824106,2.467738394178045,0.02498076960752326,0,0,0,0,0,1,0,0
AMC,2026-07-30 10:45:00-04:00,0.6106644810558122,0.0037313396321503323,48.033538982656395,0.5526876594842185,0.4820670691426642,-0.4072458916559226,0.0013957302302035502,1,0,0,0,0,1,0,0
COIN,2026-07-30 10:45:00-04:00,1.4501244667050295,-0.015178356900948486,44.17841959857547,-0.9320981989115678,0.5099887719355822,1.6806445129723582,-0.005539636888654352,0,0,0,0,0,0,1,0
CLOV,2026-07-30 10:45:00-04:00,0.7724674398530095,-0.01976714804089319,38.88171890554513,0.7443788366873907,0.7807517387286256,2.081439539282161,-0.00782981519816298,0,0,0,0,0,0,0,1
FUBO,2026-07-30 10:45:00-04:00,2.431362415176052,-0.022714000461007355,19.6377613256293,-0.3814893102668795,0.6433001641055619,1.063487959417762,-0.016614755440330916,0,0,0,0,0,0,1,0
AFRM,2026-07-30 10:45:00-04:00,1.3530383483390964,0.01729947214846539,63.45083961569857,0.1795554620647024,0.7527953005072258,1.993503062351182,0.028732477589735652,0,1,0,0,0,0,0,0
XPEV,2026-07-30 10:45:00-04:00,0.9362050358347119,-0.002351150948853631,21.760600645194216,-0.9786171277667919,0.6718812909337826,0.5637968774140695,0.0008822991967628044,0,0,0,0,1,0,0,0
MARA,2026-07-30 10:45:00-04:00,0.8787974219885276,-0.016825440241158174,68.12470659665544,-0.04580216354112143,0.38350567538076163,4.121150172639965,0.00680990461379961,0,0,0,0,1,0,0,0
HOOD,2026-07-30 10:45:00-04:00,1.253279647584042,-0.019006500213320177,30.473661609822003,0.5406728347913385,0.6910462038021568,0.9048495294848982,-0.013817067706539687,0,1,0,0,0,0,0,0
CVNA,2026-07-30 10:45:00-04:00,2.114559857270981,-0.004284652116783638,21.835491317263006,0.6752184049800236,0.7963298624482952,1.8880512022160025,0.006543572868671507,0,0,0,0,0,0,0,1
SNDL,2026-07-30 10:45:00-04:00,0.8976924549782868,0.004081628681073202,55.1642832328299,-0.2113509946289236,0.7341925573469764,0.023829862911602558,0.004218296117145131,0,0,0,0,1,0,0,0
TLRY,2026-07-30 10:45:00-04:00,0.6166865440012713,0.012680132901776942,80.66514333705777,-0.19175487054434903,0.6106920469037591,0.4224883203216758,0.015103159661221131,0,0,0,0,0,1,0,0
SNAP,2026-07-30 10:45:00-04:00,0.9699331159652234,-0.0064101995879434215,33.96561235537443,-0.5583378801874743,0.5087145098839942,0.6096359563299162,-0.0029138562225645933,0,0,0,1,0,0,0,0
BBY,2026-07-30 10:45:00-04:00,0.677627684873955,-0.0010772334513341475,21.174831078084736,0.9351014158710182,0.4966532529487866,0.5703866441535816,0.002194009883774902,0,1,0,0,0,0,0,0
BB,2026-07-30 10:45:00-04:00,0.7469220298395454,0.003640860130926571,68.9151412006506,0.3103814931455573,0.768107214961033,2.289988510163849,0.016774249084074544,0,0,0,0,0,0,1,0
MSTR,2026-07-30 10:45:00-04:00,0.6669536489342686,-0.010661347781086405,46.62773853637717,-0.3793759342887897,0.7565234455516499,0.43137668615931263,-0.008187345060328241,0,0,0,0,0,0,1,0
UPST,2026-07-30 10:45:00-04:00,1.2967421519267974,-0.018126871243736797,22.263327073098964,0.45308648581339495,0.3261540858124717,2.5683745933541973,-0.00339690104423984,0,0,1,0,0,0,0,0
NIO,2026-07-30 10:45:00-04:00,0.7527956428640755,0.004206094730844212,50.094295860244685,0.13181621105868668,0.691776526283552,0.1739135158401439,0.0052035118958651165,0,1,0,0,0,0,0,0
PLTR,2026-07-30 10:45:00-04:00,0.5704050110603515,-0.008900171114727629,28.390884139624717,0.5173276866413277,0.6664910256956199,-0.4480958898578766,-0.011470060694387298,0,0,0,1,0,0,0,0
LI,2026-07-30 10:45:00-04:00,1.3733288248793267,-0.015463920421706634,17.029583088006575,-0.5633451459374694,0.6921540998821996,-0.8413430098313432,-0.020289134584172724,0,1,0,0,0,0,0,0
GME,2026-07-30 10:45:00-04:00,1.4283885245970194,-0.0075515291829136855,31.614064535166136,-0.9333747545506905,0.5948572768878642,0.41785932484082383,-0.005155050328772323,0,0,0,0,0,1,0,0
PTON,2026-07-30 10:45:00-04:00,0.45495882954929856,-0.007573382993185773,26.17136396333514,0.828937515952963,0.43377457075309733,0.4503948437382839,-0.004990308606981123,0,0,0,0,0,0,0,1
DKNG,2026-07-30 10:45:00-04:00,1.419848690640995,-0.010933566920704463,21.585074980757014,-0.21292014317221453,0.637935770619341,-0.26960308371965735,-0.012479776495880467,0,0,0,0,0,0,1,0
SIRI,2026-07-30 10:45:00-04:00,1.3441795010339075,-0.0030271271477362305,40.29775195208532,0.4512879779899439,0.6638878607363745,-0.3115432568386812,-0.004813869198900549,0,0,0,0,0,1,0,0
FUBO,2026-07-30 11:00:00-04:00,0.9852094198059435,-0.013617498552267016,17.141337420590006,0.250692100749931,0.5138107490974523,1.063487959417762,-0.010938092532585791,0,0,0,0,0,0,1,0
PLTR,2026-07-30 11:00:00-04:00,0.827480570141343,-0.00982212020853035,22.682230248811436,0.5177658064636419,0.47205792612422,-0.4480958898578766,-0.010951075937692465,0,0,0,0,1,0,0,0
SOFI,2026-07-30 11:00:00-04:00,0.8607441722871076,0.002566386982465252,59.43716800566527,-0.9236060376918394,0.7203068348721589,2.467738394178045,0.008783733450571114,0,0,0,0,0,1,0,0
PTON,2026-07-30 11:00:00-04:00,0.4490688842072711,-0.0061967408715416505,25.388295473906155,-0.02697689021630989,0.5984455519470187,0.4503948437382839,-0.005061993040257848,0,0,0,0,0,0,1,0
NIO,2026-07-30 11:00:00-04:00,0.5663744238979258,0.0,45.496084790077866,0.87215993784058,0.4480381919609408,0.1739135158401439,0.0004381666168567858,0,0,0,0,0,0,0,1
MARA,2026-07-30 11:00:00-04:00,0.7547580427812107,0.002140378242900809,67.8861222062798,-0.6679472183419408,0.7365441312251395,4.121150172639965,0.012523415006784094,0,0,0,0,0,0,1,0
MSTR,2026-07-30 11:00:00-04:00,0.7743753582823956,-0.00416364658217494,43.857283407993584,0.2985847707025322,0.6634689231882134,0.43137668615931263,-0.0030768140708993114,0,0,0,0,0,0,1,0
XPEV,2026-07-30 11:00:00-04:00,0.9226851641158235,-0.001962293483469879,20.81714496390302,-0.19256451515382733,0.5542432364669412,0.5637968774140695,-0.0005418347619176576,0,1,0,0,0,0,0,0
COIN,2026-07-30 11:00:00-04:00,0.9200280226618633,-0.001919084478773203,37.8277270389158,-0.5047430226737326,0.6756344137407173,1.6806445129723582,0.002315217362751855,0,0,1,0,0,0,0,0
HOOD,2026-07-30 11:00:00-04:00,1.2350966856448253,-0.01137397657900785,26.746955376744822,-0.8344774254401719,0.7261466462159947,0.9048495294848982,-0.009094252342604739,0,0,1,0,0,0,0,0
NOK,2026-07-30 11:00:00-04:00,1.035976352744605,-0.012960611073450479,59.15562202053377,-0.37604193417686127,0.44144149934828447,3.368048174370456,-0.004474978045761838,0,0,0,0,0,0,0,1
LI,2026-07-30 11:00:00-04:00,1.2536827944689939,-0.014407070337832506,15.855869170931484,-0.5623535529250776,0.48847631918788537,-0.8413430098313432,-0.016526792996839387,0,0,0,0,1,0,0,0
DKNG,2026-07-30 11:00:00-04:00,0.9287605021095644,-0.0044163273385775526,19.74618411880148,0.776712644763178,0.34536608657493295,-0.26960308371965735,-0.005095579152428418,0,0,0,0,0,1,0,0
BB,2026-07-30 11:00:00-04:00,0.7247681107201632,0.007339384041896713,63.84841514853926,0.6726076810750201,0.5588803894544108,2.289988510163849,0.013108898350731094,0,0,0,0,0,0,0,1
GME,2026-07-30 11:00:00-04:00,1.3987851546790016,-0.004371804664323298,27.223058128311877,0.7681715599582313,0.3876923198961229,0.41785932484082383,-0.0033190284852949977,0,0,1,0,0,0,0,0
RIOT,2026-07-30 11:00:00-04:00,0.8285722583559503,0.0038981464472844785,67.75828370860847,0.11211662396366595,0.4928600147700833,3.812206709960104,0.01350281523218399,1,0,0,0,1,0,0,0
AMC,2026-07-30 11:00:00-04:00,0.4093936126749832,0.004774376707975536,42.87642233198063,0.8797832626063811,0.5344574615735397,-0.4072458916559226,0.0037483405559623774,1,0,0,0,0,1,0,0
AFRM,2026-07-30 11:00:00-04:00,0.5428506603589918,0.00899871728004542,50.38306724836264,-0.012200847116602187,0.7839503184915673,1.993503062351182,0.014021250970451302,0,0,0,0,1,0,0,0
SNDL,2026-07-30 11:00:00-04:00,0.3623715427570884,0.008163257362146625,59.022748760089996,0.6771370985905854,0.7432116061324383,0.023829862911602558,0.008223295538947878,0,0,1,0,0,0,0,0
TLRY,2026-07-30 11:00:00-04:00,1.1024135436668356,0.010962259703984678,84.95968468983625,0.4792290068442835,0.5025273608667574,0.4224883203216758,0.012026698411250028,0,0,0,0,1,0,0,0
SIRI,2026-07-30 11:00:00-04:00,1.3320467509595117,-0.011819224904215164,34.56527884891585,-0.6991820905633448,0.547348906056916,-0.3115432568386812,-0.012604142937722253,0,0,0,0,0,1,0,0
BBY,2026-07-30 11:00:00-04:00,0.9364246238873669,-0.00930931817796321,18.255909084498214,-0.05824696697362075,0.7031576678102137,0.5703866441535816,-0.007872256860665748,0,0,0,0,0,0,0,1
UPST,2026-07-30 11:00:00-04:00,1.0391324752944844,-0.009897229705034039,23.0882256762615,-0.6210994289468617,0.5927341923926126,2.5683745933541973,-0.0034263352437585637,0,0,1,0,0,0,0,0
CLOV,2026-07-30 11:00:00-04:00,0.7913760645543736,-0.001177883292277082,49.20318532038752,-0.7803407577759991,0.4637244991491597,2.081439539282161,0.004066202060798699,0,0,0,0,0,1,0,0
SNAP,2026-07-30 11:00:00-04:00,0.7320079950853329,-0.0032363198666708337,28.69859327861748,0.5900539588928879,0.3307034480201982,0.6096359563299162,-0.0017003718225587173,0,0,1,0,0,0,0,0
CVNA,2026-07-30 11:00:00-04:00,2.339079990088198,-0.021769133305505894,19.67076910586937,0.8609494856821771,0.7119509454674247,1.8880512022160025,-0.017012280431070392,0,0,0,0,0,0,0,1
RIVN,2026-07-30 11:00:00-04:00,0.49152382143502565,-0.001529028620611328,43.115413942102975,-0.11673406215324733,0.563613809810283,2.1898319720392267,0.0039881461776671775,0,1,0,0,0,0,0,0
CHPT,2026-07-30 11:45:00-04:00,0.6374604357569853,0.003759394789693671,53.646102660498336,0.5900476241211372,0.6533903444024854,2.0561588415099705,-0.004123891443237736,0,1,0,0,0,0,0,0
LCID,2026-07-30 12:00:00-04:00,0.6165159342311525,-0.013846942813527163,31.9932400506912,-0.18147636309746962,0.7098590753016818,2.3720944544438183,-0.028538208138484664,1,0,0,1,0,0,0,0
CHPT,2026-07-30 12:30:00-04:00,0.34313900704149836,0.00749062934645095,55.92680284396555,-0.2829513354103492,0.5016718001679443,2.0561588415099705,0.00504694444721439,0,0,1,0,0,0,0,0
LCID,2026-07-30 12:45:00-04:00,0.15963085949154024,-0.017658568002810737,36.46167285068006,-0.4289629887150612,0.3328456744537586,2.3720944544438183,-0.022392363235955885,1,0,0,0,1,0,0,0
CHPT,2026-07-31 09:45:00-04:00,0.2720320588318796,0.0036363601684570312,58.63946504543007,0.48945831795882544,0.7275295944439095,2.3601405907307718,0.02048285305680353,0,0,0,0,0,0,1,0
CHPT,2026-07-31 10:00:00-04:00,0.7888038046951111,-0.02914387141759789,32.674118988050296,0.00029564281539817827,0.47493020579367207,2.3601405907307718,0.005921913570781749,0,0,0,0,1,0,0,0
LCID,2026-07-31 10:00:00-04:00,0.3765843875436033,-0.06103574679581292,34.09585866236475,-0.9758569138490234,0.6460726677182344,2.68455297555361,-0.02115000532753441,0,0,0,0,0,0,0,1
LCID,2026-07-31 10:15:00-04:00,0.5541432438620392,-0.0552147031077147,41.312596854657585,-0.8811092553364062,0.3519763888075719,2.68455297555361,-0.030068903801891964,0,0,0,0,0,0,0,1
CLOV,2026-07-31 13:15:00-04:00,0.4885639655806396,0.0023447196236552337,52.94832536305216,0.9789675587857791,0.7080404745667048,2.108659447496774,-0.006400511864173453,0,0,1,0,0,0,0,0
COIN,2026-07-31 13:15:00-04:00,1.4076630344267034,0.02354091683875037,58.87175784695313,0.058355107227434644,0.44019130173159393,1.8620943354169999,0.015818263455944663,1,0,0,0,0,1,0,0
MSTR,2026-07-31 13:15:00-04:00,0.8784017310414103,0.009407386306309773,60.52229843456909,-0.09274128985475438,0.6470995297207269,0.3675668607235716,0.007882978328483834,0,0,0,0,0,0,0,1
RIVN,2026-07-31 13:15:00-04:00,2.2414261379523626,0.03120889746791944,55.73481022728902,-0.7157748910032697,0.44145499119527676,2.5202475255831054,0.020756689054647233,0,0,0,0,0,0,1,0
SOFI,2026-07-31 13:15:00-04:00,0.45882791146285906,0.008336548542449584,68.9823648756014,-0.2621494158694513,0.4537644163153809,2.4738672160151185,-0.0019233070733470966,0,0,0,0,1,0,0,0
FUBO,2026-07-31 13:15:00-04:00,0.8784144677034005,0.0060077707203936015,72.80601737780646,-0.664562157824351,0.3469038134230453,0.862465905859476,0.0024308707112172647,0,0,1,0,0,0,0,0
NIO,2026-07-31 13:15:00-04:00,0.37907214235725495,0.002752642431136376,60.1205512965972,-0.3555788887275153,0.6654381569392305,0.18780131958687418,0.001973775072798077,0,1,0,0,0,0,0,0
PLTR,2026-07-31 13:15:00-04:00,0.5245275394325423,0.003882292440089863,70.57978121605764,-0.637593826320253,0.4223621225241298,-0.5394771607390799,0.0061196630400036905,0,1,0,0,0,0,0,0
BB,2026-07-31 13:15:00-04:00,0.4479412725012756,0.009947299004039456,68.51538247816943,-0.9278700969516871,0.4972630954230184,2.1772425567256937,0.0009176331723559847,0,0,0,1,0,0,0,0
HOOD,2026-07-31 13:15:00-04:00,0.5513213010823287,0.01290164390898818,68.3195870461553,0.47062526007346217,0.43024608854043384,1.2445135701854804,0.00774027976650599,0,0,0,0,0,0,1,0
AMC,2026-07-31 13:15:00-04:00,0.583315404786933,0.003663000144099149,60.46604448403992,0.589245380750806,0.5438587871685301,-0.2168711502849195,0.0045624286480829375,0,0,0,0,1,0,0,0
GME,2026-07-31 13:15:00-04:00,0.30583734377113925,0.002759230334639984,59.611840585020644,0.24827856656097347,0.7645922402708135,0.44930036672447865,0.0008958494462578651,0,0,0,0,1,0,0,0
MARA,2026-07-31 13:15:00-04:00,0.4589837393755417,-0.0056992180539373605,39.05234376117418,0.9165842011180201,0.5581009666740842,4.167822469799192,-0.02298440478327696,0,0,1,0,0,0,0,0
SNAP,2026-07-31 13:15:00-04:00,0.532984015749507,0.004319650201332292,59.85840254814799,0.6596383409986541,0.3564128737339748,0.3265937720397924,0.0029651696841668925,0,1,0,0,0,0,0,0
XPEV,2026-07-31 13:15:00-04:00,0.628600991046333,0.0015527565148800715,55.53706939132645,-0.6059981779975692,0.3383930976957404,0.46644584842510717,-0.00038173173349814564,0,0,0,0,1,0,0,0
CVNA,2026-07-31 13:15:00-04:00,0.3777979407043439,0.015601917760914796,75.18790138335177,0.5578657468564545,0.3636372647897667,1.5151227450442333,0.00931825770683841,0,0,1,0,0,0,0,0
TLRY,2026-07-31 13:15:00-04:00,0.5422955121942599,0.009592950935797928,74.8753716773148,-0.15913680856531887,0.4985065978298681,0.1497296568309563,0.008971977970659201,0,0,0,0,0,0,0,1
UPST,2026-07-31 13:15:00-04:00,0.7735714834765398,0.01545254126483453,74.07765507187987,-0.5948263966444367,0.5565159986772787,2.382061249718617,0.005573432017627522,0,0,0,0,1,0,0,0
SIRI,2026-07-31 13:15:00-04:00,0.42883702159144416,-0.004003968456258722,31.186993016718247,-0.38656426842584746,0.32499270295446564,-0.2107195759292826,-0.0031300523420629096,0,0,0,0,0,1,0,0
PTON,2026-07-31 13:15:00-04:00,0.21235283584762074,-0.003129887534334741,54.4553371230146,-0.2584455974779023,0.43326873559973417,0.32772666054579014,-0.0044890664736406205,0,0,0,0,0,0,1,0
AFRM,2026-07-31 13:15:00-04:00,0.24696614126764405,0.009802505424231,60.98923234512347,-0.7335239098987976,0.6926550232358408,1.8887235404044302,0.0019694128890868842,0,0,1,0,0,0,0,0
BBY,2026-07-31 13:15:00-04:00,0.4799279134148331,-0.0008671170088397906,35.00051452943019,-0.8687962089735244,0.4318779339774485,0.49418260317895363,-0.00291663774448449,0,1,0,0,0,0,0,0
DKNG,2026-07-31 13:15:00-04:00,0.4123897399317647,-0.00042537000170972394,49.06898095314029,0.999987601695782,0.6402408227414962,-0.5232402739556968,0.0017446614488071184,0,1,0,0,0,0,0,0
LI,2026-07-31 13:15:00-04:00,0.28305796755262064,0.00370921308848704,70.70590960001402,-0.6271522090505448,0.655724908396999,-0.997537268417202,0.007846293801259688,0,0,0,0,0,1,0,0
RIOT,2026-07-31 13:15:00-04:00,0.4920237370920066,-0.0014577593176251513,32.97615252605097,0.4632705943442643,0.7055568394281412,4.0885806355630185,-0.018414306832729307,0,0,0,1,0,0,0,0
NOK,2026-07-31 13:15:00-04:00,0.3177853161334382,0.004953345893973671,59.64664522965584,0.4488238773130915,0.39486941831041034,3.3891085530178398,-0.009102284980279422,0,0,0,0,0,0,0,1
SNDL,2026-07-31 13:15:00-04:00,0.7539462550165722,0.004081628681073202,52.105229146369865,0.2491845849010088,0.56269437059317,0.09233691260185277,0.003698680321852269,0,0,0,0,0,0,0,1
COIN,2026-07-31 14:15:00-04:00,1.5938848232845848,0.01932496058890454,72.40572022680612,0.6301145438563067,0.5044310189845287,1.8620943354169999,0.020378091472198833,0,0,1,0,0,0,0,0
HOOD,2026-07-31 14:15:00-04:00,0.5308155687089383,0.004647500422201523,70.82257964055428,0.8832133785432186,0.5333253882484118,1.2445135701854804,0.005351350732313586,0,0,0,0,1,0,0,0
FUBO,2026-07-31 14:15:00-04:00,0.9702856725997457,0.008580231982554754,78.57006927800609,0.2615510710494804,0.7670847178424172,0.862465905859476,0.009068010428562217,1,0,1,0,0,0,0,0
MSTR,2026-07-31 14:15:00-04:00,0.4845013281097947,0.002035377016732509,59.75433317980583,-0.5920682193962632,0.6836507131577416,0.3675668607235716,0.0022432590801387325,0,0,0,0,1,0,0,0
CVNA,2026-07-31 14:15:00-04:00,0.41851206590408135,-0.010591830169480732,51.87245529568292,0.34642873848631694,0.3930528473744427,1.5151227450442333,-0.009734933435282577,1,0,0,1,0,0,0,0
SNAP,2026-07-31 14:15:00-04:00,0.48232801125314106,0.0,57.92939418574084,0.6035241546472552,0.6616190076919313,0.3265937720397924,0.0001847092175110766,1,0,0,0,0,0,1,0
GME,2026-07-31 14:15:00-04:00,0.43395647127081305,-0.0013758627023906511,50.966831701312856,-0.698786145235248,0.5016187416445842,0.44930036672447865,-0.0011217552261617207,0,0,0,0,0,1,0,0
RIVN,2026-07-31 14:15:00-04:00,0.6509324978575167,-0.00414141966531778,49.61926428340929,0.6003318357584935,0.6641584072672113,2.5202475255831054,-0.0027160619633712652,0,0,0,0,1,0,0,0
CLOV,2026-07-31 14:15:00-04:00,0.20711500686267198,-0.004678358007099592,44.7878010810817,0.848119623318508,0.46753965424231425,2.108659447496774,-0.003485779121985357,0,1,0,0,0,0,0,0
UPST,2026-07-31 14:15:00-04:00,0.4586368287150294,-0.0014493085135679484,68.89277324297078,0.9683940541568796,0.44824210750621407,2.382061249718617,-0.00010210379882104716,1,0,0,0,0,1,0,0
SNDL,2026-07-31 14:15:00-04:00,0.47849993225677645,0.0,52.99569186379512,0.7406479124202263,0.598195935293337,0.09233691260185277,5.2222302855177666e-05,1,0,1,0,0,0,0,0
AFRM,2026-07-31 14:15:00-04:00,0.6533871665794523,-0.005131087830401615,48.609288272906504,0.5346747626397663,0.49830054266174945,1.8887235404044302,-0.0040628964651347145,1,0,0,0,0,0,1,0
TLRY,2026-07-31 14:15:00-04:00,0.5602740155451392,0.012684063392640388,79.9690222363852,-0.4239210885133504,0.32857794417268865,0.1497296568309563,0.01276874488420318,1,0,0,0,0,1,0,0
DKNG,2026-07-31 14:15:00-04:00,0.45693923673724257,-0.0017025287975537262,47.55304831763793,0.6991457184429168,0.7920645039384806,-0.5232402739556968,-0.0019984539187494314,0,0,0,0,1,0,0,0
PLTR,2026-07-31 14:15:00-04:00,0.4126835463609287,-0.0052920326695247155,52.62506157793297,-0.2534608404875225,0.5363209410020779,-0.5394771607390799,-0.005597140766359678,1,0,1,0,0,0,0,0
BB,2026-07-31 14:15:00-04:00,0.2678080058612783,-0.0028804733701593976,57.891163241280516,-0.609286059133985,0.5941974127664897,2.1772425567256937,-0.0016491064445965315,0,0,1,0,0,0,0,0
SOFI,2026-07-31 14:15:00-04:00,0.27334741838782606,0.00030559536725816017,64.6270636448986,0.02778323498400348,0.4286713504153186,2.4738672160151185,0.0017047221014960178,1,0,0,1,0,0,0,0
RIOT,2026-07-31 14:15:00-04:00,0.38284836910308734,0.013382069882657666,51.61717540634319,0.5749334988864871,0.7961044214606507,4.0885806355630185,0.015694418110271054,0,1,0,0,0,0,0,0
XPEV,2026-07-31 14:15:00-04:00,4.114828800263199,0.0042635896745899515,67.87082776083139,-0.4518139824146572,0.3359762967526962,0.46644584842510717,0.004527393993747006,0,0,1,0,0,0,0,0
SIRI,2026-07-31 14:15:00-04:00,0.7290407521148843,0.00653265300945427,49.9398760024037,-0.8329041073253185,0.3077627329048041,-0.2107195759292826,0.006413477901671071,0,0,0,0,0,0,0,1
AMC,2026-07-31 14:15:00-04:00,2.3840948006950526,0.010948894629691175,59.350875946222054,-0.41278761765181304,0.36231187638191176,-0.2168711502849195,0.010826240421622033,1,0,0,1,0,0,0,0
LI,2026-07-31 14:15:00-04:00,0.39665433437117176,0.0040650632861249925,76.37240565024435,-0.19814911435819682,0.5188902438671197,-0.997537268417202,0.0035008935313354597,0,0,1,0,0,0,0,0
PTON,2026-07-31 14:15:00-04:00,0.35856849426578835,0.0,56.34692275167844,0.17637417081507523,0.6088292868903271,0.32772666054579014,0.00018534993686148923,1,0,0,0,0,0,1,0
NIO,2026-07-31 14:15:00-04:00,0.35790215096891254,0.007224009445804924,76.2426600177132,-0.8194713643044309,0.32733493081102777,0.18780131958687418,0.007330222845318901,0,0,0,0,0,0,1,0
MARA,2026-07-31 14:15:00-04:00,0.5882748458247578,0.018880060066343463,63.76166996663012,0.10827470599962385,0.6250207574862299,4.167822469799192,0.021237224510458747,0,0,0,0,0,0,0,1
NOK,2026-07-31 14:15:00-04:00,0.580324584134542,0.0010819655899296787,61.0156566072284,-0.8574458646558236,0.5609802254399937,3.3891085530178398,0.0029987185793643643,0,1,0,0,0,0,0,0
BBY,2026-07-31 14:15:00-04:00,0.7974340442234852,0.0030665901387594285,54.933347279957424,-0.8106861083637147,0.533176100647501,0.49418260317895363,0.003346081328596477,0,0,0,0,1,0,0,0
CHPT,2026-08-03 09:45:00-04:00,1.0741703082555805,0.012453895478000243,63.18893668621269,-0.06643122975787485,0.4495326201816893,1.7671878645975372,-0.006510278654741769,0,0,0,0,0,1,0,0
LCID,2026-08-03 10:00:00-04:00,0.604781022239956,0.02380691356177378,56.253445393010125,0.5907181619430737,0.5684611095074728,2.776387966738896,-0.013286404538279409,1,0,0,0,0,0,1,0
CHPT,2026-08-03 13:15:00-04:00,0.7227941833785274,0.0018148369563149025,59.242438389115144,0.27787738291445163,0.5964157026629666,1.7671878645975372,0.0050402283887476945,0,1,0,0,0,0,0,0
LCID,2026-08-03 13:15:00-04:00,0.5396708331188492,0.023894025186348644,62.98446761843169,0.15708595746006182,0.6346107643791279,2.776387966738896,0.02896136304013622,0,0,0,0,1,0,0,0
NOK,2026-08-03 13:30:00-04:00,0.39581461261359363,0.007518763874244883,69.1470601685366,-0.35560318341382846,0.49617526472713736,3.9654250803472437,0.00295544815333042,0,0,0,0,1,0,0,0
LI,2026-08-03 13:30:00-04:00,0.18173887758069204,0.0012199614399981407,34.60343030343506,0.5371676820281441,0.7377594542660835,-1.094306765951863,0.002479263322492392,0,0,0,0,0,1,0,0
XPEV,2026-08-03 13:30:00-04:00,0.4825930482441626,0.002025080436575122,32.343944735082374,-0.22053820171290983,0.5611776247789493,0.24205278618037795,0.0017465319172896834,0,0,0,0,0,0,0,1
CVNA,2026-08-03 13:30:00-04:00,0.19452381360313314,0.003782432169303629,67.73584603043373,0.7929972865274855,0.7080787798539669,1.525076751978544,0.0020274105570190167,0,0,0,0,0,1,0,0
COIN,2026-08-03 13:30:00-04:00,0.47677974494297104,0.009504772537946016,63.58693048161788,0.5188382768709101,0.5233723779430252,2.0523415375479472,0.007142987303522121,0,0,0,0,0,0,0,1
NIO,2026-08-03 13:30:00-04:00,0.28896819406097546,0.00311523703163874,49.99509703749956,0.9367888741662134,0.43995653358099435,0.13124037673406455,0.002964208765504697,0,0,0,0,1,0,0,0
DKNG,2026-08-03 13:30:00-04:00,1.3220100477327532,-0.009160637361653179,31.14322947578492,0.39687066592128994,0.5935934586446633,-0.5690250165535748,-0.008505817071011057,0,0,0,0,0,0,1,0
SIRI,2026-08-03 13:30:00-04:00,0.5218308540041747,-0.0045811319402823125,40.25997233332312,-0.007326829449403105,0.3188115274844326,-0.038047565565661974,-0.004537347717766349,0,0,0,1,0,0,0,0
BBY,2026-08-03 13:30:00-04:00,1.041726740715126,0.00011789217153301834,42.041692453955726,0.9356096811803702,0.36318811783470456,0.07759982642737852,2.8592159377630166e-05,0,0,0,0,1,0,0,0
RIOT,2026-08-03 13:30:00-04:00,0.8478065915975826,0.020763696902192708,64.39831051321309,0.5372340902925441,0.4323683607066236,4.548462824469536,0.015529435381085047,0,0,0,0,1,0,0,0
SNAP,2026-08-03 13:30:00-04:00,2.490112814445816,-0.00500001907348635,64.04473340555421,-0.5559485321456716,0.5070661571846744,1.1349803892643986,-0.006306127182533341,0,0,0,1,0,0,0,0
AMC,2026-08-03 13:30:00-04:00,0.5472405191015236,-0.0041754205327425575,49.99579886608669,-0.5417121979958066,0.40818545595687966,-0.7473852551935017,-0.0033153475732237967,1,0,0,0,0,0,0,1
HOOD,2026-08-03 13:30:00-04:00,0.2616473298482305,0.007699203977623137,68.3746262290207,-0.08876681761851635,0.7197973785725406,1.3910326855375452,0.006098437050092762,0,0,0,0,1,0,0,0
UPST,2026-08-03 13:30:00-04:00,0.7156441298841301,0.004595752472573045,70.82632929326351,-0.4675882460138223,0.7305486532065713,2.4721145122580275,0.0017509026042456899,0,0,0,0,0,1,0,0
SNDL,2026-08-03 13:30:00-04:00,0.4266711382352443,-0.004291534374118888,40.549437829636155,-0.8091446728480174,0.49501066515455716,0.19050149020277815,-0.004510758903011979,0,0,0,1,0,0,0,0
PLTR,2026-08-03 13:30:00-04:00,0.7834279397705545,-0.00023879044896490953,59.55104095183432,-0.42392831781251106,0.7037640173446769,-0.2273977608801682,2.2893420002386995e-05,0,1,0,0,0,0,0,0
CLOV,2026-08-03 13:30:00-04:00,0.44548794111728995,0.0,45.85633222123892,0.23370850100614637,0.3625598285387671,2.119070864310829,-0.0024385757372560484,0,0,0,1,0,0,0,0
MSTR,2026-08-03 13:30:00-04:00,0.356057256485783,0.008578746067532617,56.775494400487936,0.6827224319181651,0.6540323467592472,0.8539184653611377,0.007596077254377179,0,1,0,0,0,0,0,0
GME,2026-08-03 13:30:00-04:00,2.146172462079957,0.008082383586945907,23.897878074694788,0.1719963977220056,0.793031974159681,-0.5698899994860442,0.008738199279123572,0,1,0,0,0,0,0,0
MARA,2026-08-03 13:30:00-04:00,0.3557437462941725,0.015027842866581986,61.87271737863928,0.29510992718832574,0.358991976787516,4.4596266858752065,0.009895811835174396,0,1,0,0,0,0,0,0
FUBO,2026-08-03 13:30:00-04:00,0.5015034473844437,-0.0033909230571134152,64.73302691832151,0.49636153066011746,0.3288719577452529,1.2808390524183346,-0.00486488180439353,0,0,0,0,0,0,1,0
AFRM,2026-08-03 13:30:00-04:00,0.7099323000915138,-0.004723797594493262,62.462692638984784,-0.07195585789855996,0.7179645511403461,2.0247244041484485,-0.007053801696641299,0,1,0,0,0,0,0,0
SOFI,2026-08-03 13:30:00-04:00,0.5105071290901253,0.010974169152834667,92.29324554820182,0.5117375979836436,0.7208611655137751,3.2013743871966716,0.00729010457624501,0,0,1,0,0,0,0,0
TLRY,2026-08-03 13:30:00-04:00,0.33155536630615756,-0.00941424148928005,46.19915011181876,-0.4109210884277732,0.5230643522640992,0.381917861405322,-0.0098537433700964,0,0,0,0,0,0,1,0
BB,2026-08-03 13:30:00-04:00,0.6879725656443895,0.002920516040277654,61.417721520826476,0.620838022888222,0.3179575354243812,2.787177737115777,-0.0002869010025503163,0,0,0,0,0,0,1,0
RIVN,2026-08-03 13:30:00-04:00,0.7486272797318358,0.020324113245191455,68.84308995674752,-0.2772826471648102,0.7377255511772383,2.5519986865522077,0.01738733459217578,0,0,0,1,0,0,0,0
PTON,2026-08-03 13:30:00-04:00,0.3434858369471874,0.003105587072796734,52.14997823019318,-0.6716983711687861,0.592901453521947,0.00850866156457173,0.0030957955099012494,0,0,0,0,0,1,0,0
CHPT,2026-08-03 15:15:00-04:00,2.214946070878274,-0.012567355386723045,41.80213489664242,-0.7890740020566971,0.557404235476151,1.7671878645975372,-0.014836339981872084,1,0,0,0,0,0,1,0
LCID,2026-08-03 15:15:00-04:00,0.46273860614835644,0.003366330301166176,55.17181573311077,0.2229176442111067,0.41420445731519506,2.776387966738896,-0.0001984188988983001,0,0,0,0,0,1,0,0
CHPT,2026-08-04 09:45:00-04:00,3.1654984620039333,0.04727276888760645,69.13606191007936,-0.2717650133826319,0.6958048129120532,2.283518267001912,0.03305591362511906,0,0,0,0,1,0,0,0
LCID,2026-08-04 09:45:00-04:00,1.0136403107708434,-0.013003888672104003,38.32404584356347,0.382512945882981,0.38135828503726615,2.6077700558562205,-0.029239488788687398,0,0,0,0,0,0,1,0
LCID,2026-08-04 12:15:00-04:00,0.3263495682125113,-0.0033028400778822853,51.73604641780446,-0.5386495018134936,0.5326835078387513,2.6077700558562205,-0.013740462860850075,0,0,1,0,0,0,0,0
CHPT,2026-08-04 12:15:00-04:00,1.022435321045535,0.0017212098072847404,63.31382970733976,0.18412377062098217,0.587392695428095,2.283518267001912,-0.007418592314247251,0,0,0,0,1,0,0,0
SIRI,2026-08-04 13:15:00-04:00,0.33806958493599587,0.014262033519612416,73.44364897330993,0.8936620649075675,0.6418294903069303,0.0646727211240471,0.014110567985450996,0,0,0,0,0,0,1,0
AFRM,2026-08-04 13:15:00-04:00,0.4109103311861968,0.0005670736414193911,79.28382416658499,-0.3768691890485272,0.5310759933602911,2.1332988651459357,-0.0044291789751283285,0,1,0,0,0,0,0,0
PLTR,2026-08-04 13:15:00-04:00,1.267821455157297,0.009540311150500136,85.93208151160847,-0.42600574826917836,0.4111598422563351,2.383315479047782,0.003958511810145366,0,0,1,0,0,0,0,0
MARA,2026-08-04 13:15:00-04:00,1.0319529972728556,0.01589342444036146,66.35611434182943,0.3507865952854572,0.5369574405314261,3.8083772156649807,0.0069740859738005485,0,0,0,1,0,0,0,0
CVNA,2026-08-04 13:15:00-04:00,0.3161708533579021,0.0009524167239010062,61.084857747532006,0.5464297052129488,0.5909519559499274,1.570001599481401,-0.002724576091100773,0,1,0,0,0,0,0,0
UPST,2026-08-04 13:15:00-04:00,1.055845966190355,0.002931600988640204,72.62519774893997,0.26182341282348687,0.47919689796104814,2.565420015541611,-0.0030766928676999117,0,0,0,0,0,0,0,1
SNAP,2026-08-04 13:15:00-04:00,1.0830943899954333,-0.00606959799061646,61.442721146808324,0.23840565570286865,0.32988091709804196,2.193134371687843,-0.01120598723359135,0,0,0,0,1,0,0,0
XPEV,2026-08-04 13:15:00-04:00,1.6436219278340498,0.004147593180821474,56.10132491374369,-0.21313493856443455,0.35925173582259184,-0.021191517933230784,0.004197224378143317,0,0,0,0,0,1,0,0
TLRY,2026-08-04 13:15:00-04:00,0.24871001658812694,0.018826144110860366,63.20924681898688,-0.5873873568359178,0.30933837740190706,0.4470638293874874,0.017779106649848882,0,0,0,0,0,0,0,1
GME,2026-08-04 13:15:00-04:00,0.682947447836806,0.013168290332510546,74.55944642321235,0.6717522821318611,0.44000982501015024,-0.3626285620806242,0.014017577758539488,0,0,0,1,0,0,0,0
RIVN,2026-08-04 13:15:00-04:00,1.196569019107997,0.0028445419993248233,70.953921734763,-0.8118271353572244,0.650444799088965,2.7854410913356804,-0.0036790480930898204,0,0,0,0,0,0,0,1
RIOT,2026-08-04 13:15:00-04:00,0.819965950552151,0.01739126563534832,69.99354416007321,-0.3797263391184085,0.783227230405295,4.040289472407125,0.007928781415284107,0,0,1,0,0,0,0,0
COIN,2026-08-04 13:15:00-04:00,0.3276027195918716,0.003012658642205235,62.60247284342015,0.5036178372814353,0.5859179457761928,2.0223238099602603,-0.0017236869266700865,0,0,1,0,0,0,0,0
SNDL,2026-08-04 13:15:00-04:00,0.23773534644978195,0.004098356651125901,52.11396244030511,-0.27415113398614754,0.3229177140709767,0.14226501172122455,0.0037651675473072306,0,0,1,0,0,0,0,0
DKNG,2026-08-04 13:15:00-04:00,0.6269303365016573,0.0025369753450386057,59.790286247942596,0.9420783323707538,0.7191339705057448,-0.35048804661149796,0.0033578293043977432,0,0,0,1,0,0,0,0
MSTR,2026-08-04 13:15:00-04:00,0.5500012461165615,0.009226706160999854,69.57509005303461,-0.8725912658962245,0.4696370276374077,1.1068968156505923,0.0066343192236617094,0,1,0,0,0,0,0,0
NIO,2026-08-04 13:15:00-04:00,0.6220770369824812,0.002089912058669041,52.86765862224935,-0.9865242575343844,0.47818290441241296,0.01725647406202634,0.002049496857079887,0,0,0,0,0,0,0,1
NOK,2026-08-04 13:15:00-04:00,0.4839873936471868,-0.002497559603690691,69.08685171225893,0.5540025594559848,0.4127588899339647,3.779281263894095,-0.011348754441835857,0,0,0,0,0,0,0,1
BB,2026-08-04 13:15:00-04:00,0.587450500713509,0.001685431906257806,70.43738383458775,-0.5612411375168989,0.4460255731296377,2.6056163712774327,-0.004417003071517277,0,0,1,0,0,0,0,0
HOOD,2026-08-04 13:15:00-04:00,0.395348310822246,0.0053246142750642544,66.5996336062905,-0.5252334203878122,0.4704505341223708,1.613801704918036,0.001545040244196182,0,0,0,0,0,1,0,0
CLOV,2026-08-04 13:15:00-04:00,0.2942284284895747,0.005783962963319844,62.63292235558567,0.29038622065077835,0.5137937933567542,1.6831353091128995,0.001842007464466706,0,0,0,0,1,0,0,0
SOFI,2026-08-04 13:15:00-04:00,0.6222731752240657,0.0075921575701620725,87.6604174353061,-0.19835641541629978,0.37379938573740906,3.2901736330793683,-0.00011353190998705624,0,0,1,0,0,0,0,0
LI,2026-08-04 13:15:00-04:00,0.2900214702438527,0.0007781536895468122,49.99890922131927,-0.6477000892355331,0.7531121639803113,-1.0188658113374112,0.0031643692634520286,0,1,0,0,0,0,0,0
PTON,2026-08-04 13:15:00-04:00,1.0482370709057318,-0.0015162626782111444,57.43203383616508,-0.44096381516419547,0.7475535241022668,0.4008143464188622,-0.0024549824046232764,0,0,0,0,0,0,1,0
BBY,2026-08-04 13:15:00-04:00,0.6059553239348789,0.010191562916342267,78.55290076379288,-0.7681513814422296,0.36268305925232613,0.08898715233851401,0.009983152224350447,0,0,0,0,1,0,0,0
FUBO,2026-08-04 13:15:00-04:00,1.634137283604065,0.00349355291532083,43.93464499033466,-0.6508195406174531,0.6107742598169686,1.2300393522063358,0.0006127623086576812,0,0,0,0,1,0,0,0
AMC,2026-08-04 13:15:00-04:00,0.4287843596040535,-0.0018868355701793238,21.440329713983587,0.7861873739510175,0.7461002744829812,-1.0606526772390925,0.0005972461496792972,0,0,0,0,0,0,0,1
CHPT,2026-08-04 13:45:00-04:00,1.5885099990803095,-0.008546959779967,51.12009229653578,0.9143319375667711,0.4406717486186935,2.283518267001912,-0.009720314830684829,0,0,0,1,0,0,0,0
LCID,2026-08-04 13:45:00-04:00,0.66462652052109,-0.007787143851220368,40.915770726045466,-0.027512339929804286,0.3073373287233617,2.6077700558562205,-0.009127111308615378,1,0,0,0,0,0,1,0
CHPT,2026-08-04 14:00:00-04:00,0.7529160154925794,-0.006861057011403826,48.16290163924366,-0.035615230044308,0.3653936016634135,2.283518267001912,-0.008829746479267792,0,0,0,1,0,0,0,0
LCID,2026-08-04 14:00:00-04:00,0.9868500892296546,-0.014909121387642443,34.3922700955399,0.03529172608009623,0.7385117863940476,2.6077700558562205,-0.017157358030967212,1,0,0,0,0,0,0,1
LCID,2026-08-04 15:00:00-04:00,0.9183319821260649,0.0,41.87031805077018,0.5920683349242297,0.7526496893307183,2.6077700558562205,-0.002850850040048747,1,0,0,0,0,1,0,0
CHPT,2026-08-04 15:00:00-04:00,1.4407645330338597,0.01727114081026082,66.22380918332038,-0.6740924644749171,0.730569922245657,2.283518267001912,0.014774767279045854,0,0,0,0,1,0,0,0
TLRY,2026-08-05 15:00:00-04:00,0.867606123506711,0.004560998832972452,50.49009952828879,-0.21412304356850242,0.4228834860120002,0.6175665889880073,0.004838166303243905,0,0,1,0,0,0,0,0
GME,2026-08-05 15:00:00-04:00,0.21192007123674303,-0.0021363259387794375,45.25719797100053,-0.3004982844720987,0.44406893558513333,-0.3477868724594132,-0.002292414706131889,0,1,0,0,0,0,0,0
XPEV,2026-08-05 15:00:00-04:00,0.5363125020783165,0.003831424157719532,35.95869662309556,-0.023427875113280372,0.3246095453466512,-0.14012514781923058,0.003768535177915568,0,0,0,0,0,0,0,1
LI,2026-08-05 15:00:00-04:00,1.6386661058836256,0.0019546222521373835,52.74740807774698,0.5002793400648102,0.5497308593090118,-1.0989555637975814,0.0014614046153839976,0,0,0,0,0,0,1,0
SNDL,2026-08-05 15:00:00-04:00,0.05993211673533464,0.006666580571072167,53.15168869373129,0.2653353808004051,0.6892715092883609,0.24903578944260701,0.00677834927909112,0,0,0,1,0,0,0,0
PLTR,2026-08-05 15:00:00-04:00,0.34808035179492064,-0.008956973045370797,39.97971243803717,0.3731983636276812,0.45220726945105766,2.398465270273749,-0.007880527908361253,0,0,0,0,1,0,0,0
AMC,2026-08-05 15:00:00-04:00,0.3167183782245629,-0.009208050732665174,49.752517171140106,-0.8365837346933667,0.7371307047891065,-2.194933133464571,-0.010193149465118111,0,0,1,0,0,0,0,0
CLOV,2026-08-05 15:00:00-04:00,3.1492893843186582,-0.005924080514975172,24.00279057580086,0.8601801158596636,0.5421829899870441,1.7558001626395483,-0.005136067209108879,1,0,0,0,0,1,0,0
NIO,2026-08-05 15:00:00-04:00,0.7695617158923767,-0.0007497022129697717,34.70888729226965,-0.2266309111135303,0.35322390594554265,0.12802303543344612,-0.0006922447314604376,0,0,0,1,0,0,0,0
CVNA,2026-08-05 15:00:00-04:00,0.47968589462820266,0.003830024285269351,59.209781798017126,-0.8973582955920623,0.5947039048733989,1.4142644936979727,0.00446475440021185,0,1,0,0,0,0,0,0
NOK,2026-08-05 15:00:00-04:00,0.4197268258620972,0.0005160077045864853,44.63259706610217,-0.2211010504720683,0.46417775762734603,3.763840774902914,0.002205241294431233,0,0,0,0,1,0,0,0
UPST,2026-08-05 15:00:00-04:00,1.0160711221299148,-0.007749767701835442,25.21344854278162,-0.9084103442957014,0.6735305726853495,2.6605785207117463,-0.006555684616394172,0,0,0,0,0,0,1,0
BBY,2026-08-05 15:00:00-04:00,0.6973477127179384,0.0024878459348642856,50.39282952183641,0.999333964020197,0.5316748930894513,0.10038550568757633,0.0025328995325806713,0,0,0,0,1,0,0,0
SNAP,2026-08-05 15:00:00-04:00,0.4332676809149465,0.01814490192887419,53.81499704964226,-0.3002699138005114,0.7068328498123828,2.3155434382517295,0.01918413126628959,0,0,0,0,0,0,1,0
SOFI,2026-08-05 15:00:00-04:00,0.5454918650172065,-0.0029826628841034264,36.97035142167903,-0.36220699956773816,0.4335666005922745,3.4893839486588947,-0.0014166071111697935,0,0,0,1,0,0,0,0
RIVN,2026-08-05 15:00:00-04:00,0.31733275620951545,-0.0016087270650991803,54.15546351340567,-0.11313824692740515,0.781743289310681,2.8247595192305988,-0.0003409585944095265,0,0,0,1,0,0,0,0
COIN,2026-08-05 15:00:00-04:00,0.32505653601570983,-0.006434217997817626,50.320084955743454,-0.8275652992868006,0.5626658394237083,1.9080478395461973,-0.005577875050718522,0,1,0,0,0,0,0,0
HOOD,2026-08-05 15:00:00-04:00,0.39368692630947855,0.0034111947872956794,55.68581994268004,-0.42852465959634634,0.6293991294442984,1.5753639588514965,0.004118227277423106,0,0,0,1,0,0,0,0
MSTR,2026-08-05 15:00:00-04:00,0.6615709786015728,0.0006094835138739096,62.64824289568144,0.01896136395624204,0.3840141928479052,0.881327205125472,0.001005028279866393,0,0,0,0,0,0,1,0
FUBO,2026-08-05 15:00:00-04:00,1.088589461111283,0.00812202824716124,69.12466999304382,0.7362557263476586,0.4845143878050808,0.834736300745508,0.008496662744795755,1,0,0,0,0,0,0,1
PTON,2026-08-05 15:00:00-04:00,0.4380849996563733,-0.0023076717670147406,43.59945300859054,0.8519606139386082,0.4048266674434936,0.45149321510417517,-0.002105038991041202,0,0,0,1,0,0,0,0
DKNG,2026-08-05 15:00:00-04:00,3.397375344224988,-0.0074914420447885766,39.52220503019081,-0.04930906051141082,0.3511420561005406,-0.19978195650387143,-0.007581105346653397,0,0,0,0,0,0,1,0
MARA,2026-08-05 15:00:00-04:00,0.7041916097582939,0.0004393773629731701,46.742803501245646,-0.4693189431250795,0.4853093402508038,3.997997330261406,0.002233701774202122,0,0,0,0,0,0,0,1
SIRI,2026-08-05 15:00:00-04:00,0.5578561557789374,0.0004953563179757037,45.76765200913668,-0.19607172252303862,0.7809057884902173,0.08918699038884441,0.0005353839570157433,0,0,0,1,0,0,0,0
RIOT,2026-08-05 15:00:00-04:00,0.8482306913278673,0.013990840176602903,55.30455801108556,0.016952785425298433,0.31821786632799776,4.165578459099466,0.015860375971306136,0,1,0,0,0,0,0,0
AFRM,2026-08-05 15:00:00-04:00,0.7720868630579695,-0.004870686440055616,40.56845265648047,-0.27785564144133956,0.45072771892774915,2.1429951518024533,-0.003908897775286043,0,0,0,0,0,0,1,0
BB,2026-08-05 15:00:00-04:00,0.630630449595032,0.0,47.47106518384503,0.5582043944202921,0.6011090463819508,2.729975183446621,0.0012252287105422419,0,0,0,0,0,0,0,1
HOOD,2026-08-06 10:45:00-04:00,0.5720457247366736,0.002943705183962253,33.868391732714954,0.6008469326432728,0.4488421873056458,1.7242633911886078,-0.00013202130190088143,0,0,1,0,0,0,0,0
PTON,2026-08-06 10:45:00-04:00,1.9600542772326537,0.016576442411605052,24.231779778662613,-0.5018620198568784,0.34493301013794253,0.7377705844308178,0.015260413469263275,0,0,0,0,1,0,0,0
NOK,2026-08-06 10:45:00-04:00,0.6209756208149132,0.005851347656982586,36.50799492345305,-0.32886539222810174,0.3322397756080514,3.7186362806196662,-0.0007819243582105929,0,0,1,0,0,0,0,0
SNDL,2026-08-06 10:45:00-04:00,0.28789958256241793,-0.012345666899427288,39.93885579562372,-0.9328939845520325,0.3520189392855997,0.30015449364346597,-0.01288107995213593,0,0,1,0,0,0,0,0
RIOT,2026-08-06 10:45:00-04:00,0.6809490535687651,0.038785043855204426,60.41724914812181,-0.6841671474966393,0.6118237684204436,4.231970645952357,0.031236090331242965,0,0,1,0,0,0,0,0
DKNG,2026-08-06 10:45:00-04:00,1.1307391304739927,-0.004870108758684877,38.368188716895375,0.35474856399345134,0.574317059782129,-0.21284128575779093,-0.004490444269352346,0,1,0,0,0,0,0,0
AMC,2026-08-06 10:45:00-04:00,0.45832876981966125,-0.008470175660221457,42.58135971525676,0.9885172707731071,0.7784743376905735,-1.9728561333724304,-0.00495101153876539,0,1,0,0,0,0,0,0
MARA,2026-08-06 10:45:00-04:00,0.7204399197436836,0.011384335629447628,40.61449266191473,0.47850604419938647,0.3442012481010489,4.163879896237836,0.003956841810198022,0,0,0,0,1,0,0,0
GME,2026-08-06 10:45:00-04:00,0.8854966789428745,0.006872807532347869,50.79947561209448,-0.8996889082530191,0.5863994467635028,-0.420097813297947,0.007622174466434997,0,0,0,0,0,0,1,0
SIRI,2026-08-06 10:45:00-04:00,0.3776556269570884,-0.010327277133068913,41.1002502049324,-0.13039777623437954,0.5148977522999643,0.1779366162200497,-0.010644678967446202,0,0,0,0,1,0,0,0
BB,2026-08-06 10:45:00-04:00,1.1049192222933701,0.025186064759674665,70.23415054220254,-0.16040766581569565,0.5705692312842338,2.753434952495623,0.020274510728098213,0,0,0,0,1,0,0,0
LI,2026-08-06 10:45:00-04:00,0.7274984591021552,0.009148824787945875,46.97765110326589,-0.8463124912431945,0.342523223470061,-1.0305780440090404,0.010987161205633528,0,0,0,0,0,0,1,0
AFRM,2026-08-06 10:45:00-04:00,0.4430654325288154,0.0005128322503504812,38.707917650424264,-0.610670576650842,0.6179648599023948,2.043533044026825,-0.003132404747876955,0,0,0,0,1,0,0,0
XPEV,2026-08-06 10:45:00-04:00,0.36216120222537695,0.008283881730930753,49.95714530944853,0.20135245948686542,0.7481106836784561,-0.09235308117675275,0.008448620377751178,0,0,0,0,1,0,0,0
SNAP,2026-08-06 10:45:00-04:00,0.5362403485726994,-0.013881049167808857,31.335484022442913,0.9090316410116768,0.5192560786870843,2.3504532662581177,-0.018073767868302816,0,0,0,0,0,1,0,0
UPST,2026-08-06 10:45:00-04:00,0.6408780746477202,0.02178282892783101,48.94183440424377,-0.7370453161317578,0.6738681305654652,2.6066140521769867,0.017133172779197493,0,0,0,0,0,0,0,1
BBY,2026-08-06 10:45:00-04:00,1.514024021750415,-0.008578394133967882,9.288109534926605,-0.5261600537507016,0.6223725843287158,0.17715407016667153,-0.008894400069299188,0,0,0,0,0,0,0,1
SOFI,2026-08-06 10:45:00-04:00,0.7334418974883938,0.016254433889386855,59.66847124587215,0.8052803047691732,0.7180983173985527,3.499512705133199,0.010012032658926955,0,0,0,0,0,0,1,0
CLOV,2026-08-06 10:45:00-04:00,2.480994689456965,-0.03751235045883217,69.1151872088126,-0.6914235386059078,0.3175460862090352,1.3669024521483306,-0.03995061951746232,0,0,0,0,0,1,0,0
RIVN,2026-08-06 10:45:00-04:00,0.6269889430934251,0.015796252865480698,74.47306719898518,-0.3450419456282454,0.5904277311688535,2.8835171988739847,0.010652659220599752,0,0,0,1,0,0,0,0
COIN,2026-08-06 10:45:00-04:00,0.321980832172974,0.01188343373954548,47.17686148863899,-0.5495566231027162,0.4892375365306793,2.065484895284332,0.008199039214300144,0,0,1,0,0,0,0,0
FUBO,2026-08-06 10:45:00-04:00,1.0850879364677253,-0.040040498049051965,33.26086168297863,0.4334150333524507,0.7674314051884148,1.2269217513125827,-0.042229070714851207,0,0,0,1,0,0,0,0
CVNA,2026-08-06 10:45:00-04:00,0.2572677903104055,0.006429430310196604,57.029375427847555,0.40315058009178184,0.7110371384866285,1.3650656001861177,0.003994437812595153,0,0,0,0,0,1,0,0
NIO,2026-08-06 10:45:00-04:00,0.5158734820660551,0.0065574231823122275,39.538409429925835,0.21291914742971785,0.5698137253741927,0.21433494686882854,0.006175094312895076,0,0,0,0,0,0,1,0
PLTR,2026-08-06 10:45:00-04:00,0.3725856963449265,0.020738441234717797,45.67177190374651,-0.22393489484648788,0.6999239201395753,2.529116547520305,0.016227024480876828,0,0,0,0,1,0,0,0
MSTR,2026-08-06 10:45:00-04:00,0.60653598130032,0.006211331480140858,54.96803807704765,-0.7266463812422175,0.6830244161900549,1.0952919275675723,0.004257558983092482,0,0,0,0,0,1,0,0
TLRY,2026-08-06 10:45:00-04:00,0.6877505907233454,0.002244720326171512,63.79064272009281,-0.28512093411396977,0.3088290023595634,0.6137355776820449,0.001149943982116607,0,0,0,0,1,0,0,0
NIO,2026-08-06 11:45:00-04:00,1.0496081227971403,-0.006514703514460707,31.180629189230018,0.9040994091798322,0.6337181539795201,0.21433494686882854,-0.005806354560457393,0,0,1,0,0,0,0,0
BB,2026-08-06 11:45:00-04:00,0.6943548121227021,-0.002233333809016802,60.2003304159196,-0.8084977673017573,0.37919833819478327,2.753434952495623,0.006866408426252309,0,0,1,0,0,0,0,0
SNAP,2026-08-06 11:45:00-04:00,0.43016946183837806,-0.0031600108088569723,32.18506309149775,-0.5363699523794667,0.7483143569077011,2.3504532662581177,0.004607929682931066,0,0,1,0,0,0,0,0
SOFI,2026-08-06 11:45:00-04:00,0.5486959812603954,-0.0035284207879818785,49.82403364744909,0.8072153548021594,0.6477198284357806,3.499512705133199,0.008037010796627908,0,0,0,0,0,0,1,0
NOK,2026-08-06 11:45:00-04:00,0.5997712769921691,-0.003196840764422948,32.58916115098667,-0.07876018112961769,0.6897887923939987,3.7186362806196662,0.009092765565186758,0,0,0,1,0,0,0,0
RIOT,2026-08-06 11:45:00-04:00,0.6392519274049508,-0.020467833246760492,39.34738743161937,0.8432957974491544,0.5564349602906977,4.231970645952357,-0.006481724008738471,0,0,0,0,0,1,0,0
RIVN,2026-08-06 11:45:00-04:00,0.3014357833583819,-0.005179320127975728,51.86265915885538,-0.34890260960340136,0.5132368158104126,2.8835171988739847,0.004350326910511987,0,1,0,0,0,0,0,0
GME,2026-08-06 11:45:00-04:00,0.15349049743914883,0.00029403914746684023,52.19525608871667,-0.9808257561627725,0.32345915502161543,-0.420097813297947,-0.0010943291563300884,0,0,0,0,0,0,0,1
SIRI,2026-08-06 11:45:00-04:00,0.2381206539673329,-0.002315953480256483,36.59747926794622,0.9222924913709709,0.773533577493817,0.1779366162200497,-0.0017278962463817959,0,0,1,0,0,0,0,0
XPEV,2026-08-06 11:45:00-04:00,0.34449742854253584,-0.0037709079257980394,41.123226294975,-0.9223869818883508,0.3001137497163014,-0.09235308117675275,-0.004076122774828568,0,0,0,0,0,0,0,1
UPST,2026-08-06 11:45:00-04:00,0.4704521745459502,0.006234821830553017,52.85505213373646,0.11832648896045095,0.32060022054112197,2.6066140521769867,0.014849340201558038,0,0,1,0,0,0,0,0
TLRY,2026-08-06 11:45:00-04:00,0.6276671239377085,-0.013437836669448977,36.89629112154443,-0.5322521960917317,0.3702423911298269,0.6137355776820449,-0.011409520891566272,1,0,0,1,0,0,0,0
AFRM,2026-08-06 11:45:00-04:00,0.5263640845349177,-0.004100457343287234,33.6084841300634,0.2833208741038047,0.4767799515630251,2.043533044026825,0.0026531519740654362,0,1,0,0,0,0,0,0
LI,2026-08-06 11:45:00-04:00,0.7628602471198932,-0.005124204328531001,35.56246679850477,-0.3044066491430921,0.47101338268026643,-1.0305780440090404,-0.008530129914428785,0,0,0,0,0,1,0,0
FUBO,2026-08-06 11:45:00-04:00,0.47598872036714174,-0.00527985103748585,33.84198193810239,-0.6780892336273363,0.7768894391569154,1.2269217513125827,-0.0012250351902219946,0,0,1,0,0,0,0,0
BBY,2026-08-06 11:45:00-04:00,1.003176929199424,0.006674918483834613,35.27599111376955,0.3522806058459085,0.3848219839657052,0.17715407016667153,0.007260389505397833,0,0,0,0,1,0,0,0
COIN,2026-08-06 11:45:00-04:00,0.35136847611890343,-0.005319848474019007,40.79262191331993,0.0709788856414435,0.33933094533039865,2.065484895284332,0.001506308839373749,0,0,0,1,0,0,0,0
MSTR,2026-08-06 11:45:00-04:00,0.38401383321968924,-0.009337120874385318,39.2908290850136,0.9938077193318451,0.4459478467722415,1.0952919275675723,-0.005717324371038724,0,1,0,0,0,0,0,0
HOOD,2026-08-06 11:45:00-04:00,0.6928595060893386,-0.005217912150078496,26.64022009872963,0.1384134368053982,0.46172978217608746,1.7242633911886078,0.0004805527405869238,0,0,0,0,0,0,0,1
CVNA,2026-08-06 11:45:00-04:00,0.28193946885503585,-0.006756774542828636,45.36121384823338,-0.1061527731050298,0.7904731098002671,1.3650656001861177,-0.0022454113509479167,0,0,0,0,0,0,1,0
PLTR,2026-08-06 11:45:00-04:00,0.5128127791811515,-0.003311821106071311,41.91913873010871,0.9710481522937826,0.3388789433502256,2.529116547520305,0.005046578152472675,0,0,1,0,0,0,0,0
CLOV,2026-08-06 11:45:00-04:00,1.4249898232563778,-0.017435905260917428,56.76266557052077,-0.23151043016485962,0.571127758992455,1.3669024521483306,-0.012918471513650848,0,0,0,1,0,0,0,0
SNDL,2026-08-06 11:45:00-04:00,0.1479430585272274,0.004166662527455456,47.612841675398535,-0.8312161768714001,0.39601281311542785,0.30015449364346597,0.005158633854193236,0,0,0,0,1,0,0,0
DKNG,2026-08-06 11:45:00-04:00,0.5912189458239417,-0.0011652117743730095,39.6443930233086,0.5643638421185728,0.3802832191048293,-0.21284128575779093,-0.0018686243738476036,0,1,0,0,0,0,0,0
AMC,2026-08-06 11:45:00-04:00,0.20600017875113774,-0.010235947632430742,35.071332305385766,0.4439226613006477,0.3708777967404364,-1.9728561333724304,-0.0167559790080357,0,1,0,0,0,0,0,0
PTON,2026-08-06 11:45:00-04:00,1.4053918213395162,-0.03967418845141191,19.93448021880259,0.42295787026484666,0.7817128811673131,0.7377705844308178,-0.03723595320601438,0,0,0,1,0,0,0,0
MARA,2026-08-06 11:45:00-04:00,0.732698894094997,-0.00654656009101684,36.0275140297399,-0.8329780890652956,0.6419138309398986,4.163879896237836,0.007214518128768568,0,0,0,0,0,0,1,0
LI,2026-08-07 09:45:00-04:00,0.9176581924110496,0.01419212552097715,84.63499830962797,0.1253489648984687,0.4598284883570241,-0.7679694346837804,0.01975153554899328,0,0,0,1,0,0,0,0
NOK,2026-08-07 09:45:00-04:00,1.4337625783447066,-0.007389060508820489,38.0877167075292,0.1703269637210636,0.5424089103782188,3.559328703107878,-0.03315540847970217,0,0,0,0,1,0,0,0
RIOT,2026-08-07 09:45:00-04:00,0.8025399588137998,-0.040684197638009234,28.517932629609064,-0.9121942396205218,0.4534454606324442,3.9324484836700266,-0.06915159822378113,0,0,0,0,0,0,1,0
MSTR,2026-08-07 09:45:00-04:00,4.52093208692663,0.05999476433560602,74.84466058995724,0.8943606332294263,0.7245434234736631,1.5022452085443752,0.04911985616903343,1,1,0,0,0,0,0,0
SIRI,2026-08-07 09:45:00-04:00,0.797710057743381,-0.0041981528665480106,28.14422869095631,0.6207036763612634,0.5194004727514894,0.18919531180218813,-0.005567757262483141,0,1,0,0,0,0,0,0
RIVN,2026-08-07 09:45:00-04:00,0.7793298694266662,0.019495759562926596,75.70105779366202,-0.4673186020956215,0.6483583728615345,2.9385092997210602,-0.0017764126492586345,0,0,1,0,0,0,0,0
SOFI,2026-08-07 09:45:00-04:00,1.1795957303058475,0.024099800092947543,77.77220344517741,-0.5928221161389746,0.5662569563298079,3.4711791635889195,-0.0010284242602038446,0,0,0,0,0,1,0,0
DKNG,2026-08-07 09:45:00-04:00,2.412838194390622,0.029963346798202117,65.39742000174645,-0.9366559994776755,0.5605759130611867,0.3685986931652743,0.027295022801765406,1,0,0,1,0,0,0,0
HOOD,2026-08-07 09:45:00-04:00,1.3793742519199454,0.030442669771711506,74.25359402588066,0.33637111311054824,0.5551352701236846,1.9288310991618716,0.016479662299356494,0,0,0,0,1,0,0,0
UPST,2026-08-07 09:45:00-04:00,0.7465920127430669,0.028021603652578886,65.22232730406168,0.2813405156241051,0.7114649912434413,2.7233635683075015,0.008306893603191715,0,0,0,0,0,0,1,0
GME,2026-08-07 09:45:00-04:00,0.4479739901249017,-0.013447030454839748,33.25928883965449,-0.6682057850595735,0.7994706143541763,-0.35809474955804343,-0.010854745590673712,0,0,0,0,0,0,0,1
CLOV,2026-08-07 09:45:00-04:00,1.2442586741290458,0.004287241391223828,53.228026440556725,0.3252344083160239,0.49890007897949895,1.432739201609973,-0.006084505614882026,1,0,0,0,0,0,1,0
NIO,2026-08-07 09:45:00-04:00,1.509085829372005,0.02285093011268824,84.2415824141586,-0.2603072267373434,0.7859900252913573,0.4602667198677717,0.019519011806527268,0,0,0,1,0,0,0,0
COIN,2026-08-07 09:45:00-04:00,1.9206491082950128,0.012145428326970853,59.35141471359439,-0.1678651635907511,0.564590793750546,2.426164446500574,-0.005417826594815631,1,1,0,0,0,0,0,0
BBY,2026-08-07 09:45:00-04:00,1.3596478447211129,0.006205013510030888,58.04354866442904,0.49507135162508575,0.3770481953073469,0.31498802047236796,0.00392478270834529,0,0,1,0,0,0,0,0
PLTR,2026-08-07 09:45:00-04:00,2.049142839461726,0.0819082296713709,93.77167417815846,0.5447031902520487,0.43081511174670495,3.088899075452773,0.05954737034540979,0,0,0,1,0,0,0,0
TLRY,2026-08-07 09:45:00-04:00,1.190053452763786,0.021087633247139248,70.84305753664167,-0.6088833923855035,0.7828322219799394,0.8214699541667365,0.015140927434831798,0,0,0,1,0,0,0,0
PTON,2026-08-07 09:45:00-04:00,1.025424649609819,0.03378994447525141,69.19815126243972,-0.4956863186319507,0.38133527142339785,0.8767424979746373,0.027443115011608628,0,0,1,0,0,0,0,0
MARA,2026-08-07 09:45:00-04:00,3.869402523869529,-0.0909508268535757,3.94729664483674,-0.19150183003486587,0.47279480895550635,3.83951375153152,-0.11874546331818886,1,1,0,0,0,0,0,0
AFRM,2026-08-07 09:45:00-04:00,0.8731889027614816,0.014230960101969892,69.54278465135287,-0.4448712184597896,0.7098734160374955,1.9374001450422347,0.00020592042176088322,0,0,0,0,0,0,1,0
XPEV,2026-08-07 09:45:00-04:00,1.2837388462847195,0.02703867333665677,82.64987587052148,0.9749193909021947,0.4343348603679878,0.16442349240941825,0.025848394698915488,0,0,0,0,0,0,0,1
FUBO,2026-08-07 09:45:00-04:00,0.9938467639264179,0.011394415680703096,58.98215666409998,0.9794914850084753,0.47215317710557847,1.5604985242248457,9.780574745466529e-05,0,0,0,0,0,1,0,0
BB,2026-08-07 09:45:00-04:00,1.530632414170831,0.04178600333584037,64.85254262352456,0.45465835983022895,0.3710613975994538,2.160930332678128,0.026142805548572054,0,0,0,0,0,0,0,1
AMC,2026-08-07 09:45:00-04:00,2.107689857140218,-0.03883500629100978,20.94065239060606,0.7103984246561574,0.5630708102659192,-1.7278916120033918,-0.026326620512541907,0,0,0,0,0,1,0,0
SNAP,2026-08-07 09:45:00-04:00,0.2544536180175163,0.006705043229126684,60.26069656069277,-0.03610733674964672,0.381095759165759,2.5033871680005135,-0.01141723494659208,0,0,1,0,0,0,0,0
CVNA,2026-08-07 09:45:00-04:00,2.6904731360863936,0.04901532400829556,86.01624537591817,0.5285446832329384,0.6421757576067384,1.574110594930677,0.037620174889805694,0,0,0,1,0,0,0,0
SNDL,2026-08-07 09:45:00-04:00,1.52444496881573,0.016428864633356355,67.38437710579433,-0.7350109017243487,0.42503073495819865,0.5263844622842249,0.012618313163401345,0,0,1,0,0,0,0,0
LCID,2026-08-07 11:45:00-04:00,0.5669690351392764,-0.02226859411083204,45.011690011595654,0.6289689541447949,0.5067040877518534,3.0103419077134057,-0.02707685119967992,0,1,0,0,0,0,0,0
CHPT,2026-08-07 11:45:00-04:00,1.4502723669300583,0.02657804782708406,71.21981994521855,0.3245482557504309,0.517737028123305,2.3971289768911737,0.02274924274468245,0,1,0,0,0,0,0,0
RIVN,2026-08-07 12:00:00-04:00,0.8547885881822693,0.005244415016966597,75.13716231769656,-0.7487864076548119,0.6642613004056451,2.9385092997210602,0.003975075011650175,0,0,0,0,0,0,1,0
SNDL,2026-08-07 12:00:00-04:00,0.8057920827896603,-0.004032254188043427,61.528940816958674,-0.10058352149759897,0.7318330747197015,0.5263844622842249,-0.004259635076787854,0,0,0,0,0,0,1,0
BB,2026-08-07 12:00:00-04:00,0.7865410181055774,0.005025134190656866,53.470655267361614,0.9549376415289927,0.5396750158452568,2.160930332678128,0.00409168289267035,0,0,0,0,0,0,0,1
COIN,2026-08-07 12:00:00-04:00,0.6310876214287224,0.004533573043873362,61.75404214173411,-0.6168799533964393,0.5369892144098154,2.426164446500574,0.0034855492749127238,0,0,0,0,0,0,1,0
DKNG,2026-08-07 12:00:00-04:00,0.8364482208759618,0.023891533194681847,79.63150265697536,-0.36468396898050726,0.33012499089528086,0.3685986931652743,0.023732310602741623,0,0,1,0,0,0,0,0
BBY,2026-08-07 12:00:00-04:00,0.45761158556075193,-1.2297147521711516e-05,51.55465807537501,0.7583896306116249,0.7381354195852288,0.31498802047236796,-0.00014836168052113354,0,0,1,0,0,0,0,0
CLOV,2026-08-07 12:00:00-04:00,0.7281938368998192,-0.0020768907088255517,54.80306011447619,0.7433487737933469,0.439947953255789,1.432739201609973,-0.0026957872309367062,0,0,0,0,0,0,0,1
AMC,2026-08-07 12:00:00-04:00,0.2995225969131473,0.0006487302423563435,45.68389364676109,-0.15967355020380292,0.47158861164541066,-1.7278916120033918,0.0013951229620168817,0,0,0,0,0,1,0,0
NOK,2026-08-07 12:00:00-04:00,0.533207334019618,0.005888683541460216,49.41227317324526,-0.7531356017001802,0.5019954477520606,3.559328703107878,0.004351169838388145,0,1,0,0,0,0,0,0
NIO,2026-08-07 12:00:00-04:00,0.37347619486873324,0.0031924570628285576,70.07892933622284,0.7845502556861377,0.40033580235132066,0.4602667198677717,0.0029936368784924425,0,0,0,1,0,0,0,0
MSTR,2026-08-07 12:00:00-04:00,1.230698742934817,-0.0014717575409515238,55.51946074690614,0.912007505147679,0.5225261481775831,1.5022452085443752,-0.0021206783870353855,0,0,0,0,0,1,0,0
PTON,2026-08-07 12:00:00-04:00,0.29612318160881457,-0.008000013563368102,40.37661240774052,-0.8940984509133918,0.5277744028242901,0.8767424979746373,-0.008378737676014573,0,0,0,0,1,0,0,0
AFRM,2026-08-07 12:00:00-04:00,0.5548587183666707,-0.017548394972278225,26.209318492529874,0.42941795633186075,0.3793699661762698,1.9374001450422347,-0.018385288532778914,0,0,0,0,1,0,0,0
CVNA,2026-08-07 12:00:00-04:00,0.9001603546090609,-0.018266642580091363,49.89697403639798,0.3343169938750814,0.45224742611755697,1.574110594930677,-0.018946606924981343,0,0,0,0,0,0,1,0
XPEV,2026-08-07 12:00:00-04:00,0.39365525773081805,-0.00041238057244685766,79.61300491192343,-0.32674638512223964,0.3604873870333957,0.16442349240941825,-0.00048340614883313193,0,0,0,0,0,0,0,1
SNAP,2026-08-07 12:00:00-04:00,0.2750861848659024,-0.013133151186904057,41.613127562738384,0.5171239393458176,0.7835263287835884,2.5033871680005135,-0.014214532648395594,0,0,0,0,1,0,0,0
MARA,2026-08-07 12:00:00-04:00,0.9695872323922454,0.013868190782093226,45.179723262937884,-0.144125704127968,0.6343426929051457,3.83951375153152,0.012209646292802644,0,0,0,1,0,0,0,0
RIOT,2026-08-07 12:00:00-04:00,0.45503902632763815,0.0033581964249815854,47.236008221000155,0.6162129756482901,0.45186482172238107,3.9324484836700266,0.0016595071679347904,0,0,0,0,0,0,1,0
FUBO,2026-08-07 12:00:00-04:00,0.33294631528512736,0.006535889318931121,47.23417165993113,-0.38445801444601324,0.48131748781580397,1.5604985242248457,0.005861804943828458,0,0,0,1,0,0,0,0
GME,2026-08-07 12:00:00-04:00,0.3558786135307657,0.00026139402701175207,46.553784578105386,0.5005265655247568,0.667590597096741,-0.35809474955804343,0.0004160792585170386,0,0,0,0,0,0,1,0
PLTR,2026-08-07 12:00:00-04:00,0.5005408412355239,0.004438920278158509,72.5727613444041,-0.934474075492645,0.7573776210365404,3.088899075452773,0.0031046168035262175,0,0,0,0,0,0,0,1
TLRY,2026-08-07 12:00:00-04:00,0.4613137577611841,0.0045344967393843305,59.70416211746527,-0.8043333640535253,0.4177802482026242,0.8214699541667365,0.004179648559700752,0,0,0,0,0,1,0,0
SIRI,2026-08-07 12:00:00-04:00,0.5969928645834963,0.0,50.59203452849725,-0.5943449561251137,0.5176698961796489,0.18919531180218813,-8.172619297533897e-05,0,0,0,0,0,1,0,0
UPST,2026-08-07 12:00:00-04:00,0.5763953162338838,-0.0065273779234600315,52.94897458263987,-0.35166965771086045,0.6508213786671475,2.7233635683075015,-0.007703782002426921,0,0,0,1,0,0,0,0
HOOD,2026-08-07 12:00:00-04:00,0.41367485058617237,-0.004283888040774841,57.933968248169606,0.5912168018484014,0.6101684136744521,1.9288310991618716,-0.005117080053438208,0,1,0,0,0,0,0,0
SOFI,2026-08-07 12:00:00-04:00,0.6872238262797484,-0.0013783948340778673,43.122918815020874,-0.6951882243130438,0.44388763256818337,3.4711791635889195,-0.002877830816255111,0,0,0,0,0,1,0,0
LI,2026-08-07 12:00:00-04:00,0.4646378675472285,0.0003852168426237146,78.82643800825608,-0.9379610005928161,0.4077325560134462,-0.7679694346837804,0.0007169545459540712,0,0,0,1,0,0,0,0
FUBO,2026-08-07 14:30:00-04:00,0.19146903797431022,-0.011296449171467882,39.08085106194899,-0.7680503994156034,0.45659655525890264,1.5604985242248457,-0.009275773965993278,0,0,0,0,0,1,0,0
MARA,2026-08-07 14:30:00-04:00,0.950600087411834,-0.010912664435497654,31.073817790809073,-0.25237864974321167,0.5447892656291498,3.83951375153152,-0.0059409133454718585,0,0,0,0,0,0,1,0
BBY,2026-08-07 14:30:00-04:00,0.5468280379914368,-0.005843629548401896,50.065612253169974,0.8553711134649826,0.5538248315348806,0.31498802047236796,-0.005435754453930912,0,1,0,0,0,0,0,0
RIVN,2026-08-07 14:30:00-04:00,1.2407279878476583,-0.004043578909649237,52.136107954861785,-0.6066413762358136,0.5258663303290179,2.9385092997210602,-0.00023853020833605352,0,1,0,0,0,0,0,0
PTON,2026-08-07 14:30:00-04:00,0.21612369487468228,0.0017904658865490752,48.26302245681219,0.1891802930328077,0.5574863014837248,0.8767424979746373,0.002925751694091405,1,0,0,0,0,0,0,1
CVNA,2026-08-07 14:30:00-04:00,0.4581327916577742,-0.002474065883194543,44.03645279317299,0.5881767068550332,0.41334677019965665,1.574110594930677,-0.00043576453239301286,0,1,0,0,0,0,0,0
MSTR,2026-08-07 14:30:00-04:00,1.0276620593260597,-0.013791710799450074,30.194478038537568,-0.44681813859066133,0.5013264845522706,1.5022452085443752,-0.011846467277379775,1,0,0,1,0,0,0,0
UPST,2026-08-07 14:30:00-04:00,0.5992996311827019,0.008576619637190364,61.57686715734167,-0.51028404047637,0.38754840791567524,2.7233635683075015,0.012103078107060024,0,0,0,1,0,0,0,0
TLRY,2026-08-07 14:30:00-04:00,0.19753151629254778,0.0033223326810438714,52.20465671584769,-0.02203882352902764,0.6507317670466379,0.8214699541667365,0.004386046579300601,0,0,0,1,0,0,0,0
SOFI,2026-08-07 14:30:00-04:00,1.426443339613029,0.0050900413366439246,63.00322546870016,0.8259647620359214,0.44035487695727576,3.4711791635889195,0.00958483935198224,0,0,0,0,0,1,0,0
NIO,2026-08-07 14:30:00-04:00,0.20300616424717394,-0.0042194054625018795,49.79799442531292,-0.8907998147708898,0.47741491210882847,0.4602667198677717,-0.0036234103146026405,0,0,0,1,0,0,0,0
PLTR,2026-08-07 14:30:00-04:00,0.5937087896916521,-0.006018808799790554,56.909102375203354,-0.755048092580245,0.7623960854490442,3.088899075452773,-0.0020190217592476615,1,0,0,0,1,0,0,0
CLOV,2026-08-07 14:30:00-04:00,0.91219777732103,0.0020555456017088414,62.592375005824465,0.78846256410665,0.7210774297981799,1.432739201609973,0.003910786433828724,0,0,1,0,0,0,0,0
COIN,2026-08-07 14:30:00-04:00,0.7377043075749229,0.003570068521306702,50.1370793820664,-0.34507854820483486,0.3268499648271995,2.426164446500574,0.006711686578192058,0,0,0,0,1,0,0,0
RIOT,2026-08-07 14:30:00-04:00,0.3360397919426359,-0.002181821880918533,34.12964827149375,0.9845113213888559,0.3395845076486136,3.9324484836700266,0.0029102695401261505,0,0,0,1,0,0,0,0
XPEV,2026-08-07 14:30:00-04:00,0.27287440482593284,-0.003301689030848043,49.50336703773815,0.5832180610278459,0.6890447175373973,0.16442349240941825,-0.003088778560795345,0,0,0,1,0,0,0,0
GME,2026-08-07 14:30:00-04:00,0.5332899467828786,-0.0005238837837481247,36.175628821440206,0.14321239661727803,0.5560651738558078,-0.35809474955804343,-0.0009875773857667555,0,0,0,1,0,0,0,0
LI,2026-08-07 14:30:00-04:00,1.4377878361566903,0.0004622517206402943,68.92201340598096,0.13723502511538976,0.49254450207892664,-0.7679694346837804,-0.0005321848463527474,0,0,0,0,0,1,0,0
AMC,2026-08-07 14:30:00-04:00,0.27622754205351513,0.0,50.1474888497774,-0.964931920569883,0.6430427209971452,-1.7278916120033918,-0.0022374309772943573,0,0,1,0,0,0,0,0
SIRI,2026-08-07 14:30:00-04:00,0.7816811722484347,-0.002013067113841416,43.63798046345887,-0.6940444262435237,0.7523298991351022,0.18919531180218813,-0.0017680798423919787,0,0,0,1,0,0,0,0
SNDL,2026-08-07 14:30:00-04:00,0.5761520857497171,-0.00819671330225158,33.85774353367913,-0.2919015091284529,0.7699282666311218,0.5263844622842249,-0.007515102897004212,1,0,0,0,0,0,1,0
HOOD,2026-08-07 14:30:00-04:00,0.5013910798161778,-0.0007750117869627093,40.591508151142136,0.8103319936527142,0.5359218681468889,1.9288310991618716,0.0017226138865769477,0,0,0,0,1,0,0,0
BB,2026-08-07 14:30:00-04:00,0.6574182216048565,-0.0037282977715697996,37.94250943881988,0.7830017558713778,0.4447609982593815,2.160930332678128,-0.0009301289324357199,0,1,0,0,0,0,0,0
SNAP,2026-08-07 14:30:00-04:00,0.4351118655311728,0.008514678825578548,61.12815800540614,0.21980254297335144,0.5097626765252825,2.5033871680005135,0.011756291875225406,0,0,0,0,0,1,0,0
NOK,2026-08-07 14:30:00-04:00,0.2615987640098184,-0.0016024989528431455,41.630722761448574,-0.14256436672325412,0.6806030146643429,3.559328703107878,0.003006443091544118,0,1,0,0,0,0,0,0
AFRM,2026-08-07 14:30:00-04:00,1.0507695224605604,-0.009672761960063947,22.295433088863362,0.030976032673329046,0.4127507943228826,1.9374001450422347,-0.007164040307722499,0,0,0,1,0,0,0,0
DKNG,2026-08-07 14:30:00-04:00,1.4423719284162888,-0.007887421297981034,45.38363671775137,-0.6864958129742023,0.4427521951652602,0.3685986931652743,-0.00741012623586658,1,0,0,1,0,0,0,0
FUBO,2026-08-07 15:30:00-04:00,0.6221322206722011,0.0016322463555682454,44.024835618413476,0.617594090698389,0.6862477640249339,1.5604985242248457,-0.0022325956824057157,0,0,0,0,1,0,0,0
GME,2026-08-07 15:30:00-04:00,0.9522206868770874,0.0018348543125676908,48.90264969547377,-0.706927648322268,0.653771258265363,-0.35809474955804343,0.0027217373311576344,0,0,0,0,0,0,0,1
COIN,2026-08-07 15:30:00-04:00,1.621276436237822,0.010803684826602211,60.8911257020467,-0.37232901449785616,0.6338300735792604,2.426164446500574,0.0047948727717936354,0,0,0,0,0,1,0,0
AMC,2026-08-07 15:30:00-04:00,0.4341022139131505,0.001968549022052013,50.52152765401295,0.5078969726610263,0.6801745063785836,-1.7278916120033918,0.0062479687302189986,0,1,0,0,0,0,0,0
CLOV,2026-08-07 15:30:00-04:00,1.276675989730002,-0.0010461073655348985,55.09028564681272,0.5092306114268903,0.370406374997724,1.432739201609973,-0.004594531545292485,0,0,0,0,0,0,0,1
TLRY,2026-08-07 15:30:00-04:00,0.8135805524294651,0.004341946224614812,63.66764302554359,-0.9573381246889843,0.4846796846451942,0.8214699541667365,0.002307435097234409,0,0,0,1,0,0,0,0
MSTR,2026-08-07 15:30:00-04:00,1.8478087492335362,0.026066875702924097,57.93882813229287,-0.970523130736977,0.48245821269603106,1.5022452085443752,0.022346307984853826,0,0,0,0,0,0,0,1
SNDL,2026-08-07 15:30:00-04:00,0.8033942484161571,0.008264454667762822,50.05667236053341,0.1851732182951864,0.6067664538394323,0.5263844622842249,0.0069607733336308686,1,0,0,0,1,0,0,0
CVNA,2026-08-07 15:30:00-04:00,2.1598163210498247,0.005314626034228498,55.146693618283486,0.8778151617916696,0.6654676374331019,1.574110594930677,0.001416071370275667,0,1,0,0,0,0,0,0
RIOT,2026-08-07 15:30:00-04:00,0.8978577617996366,-0.005976637110794991,29.761567928068985,0.510607319283134,0.3915293120547385,3.9324484836700266,-0.015716019734949925,0,0,0,0,1,0,0,0
DKNG,2026-08-07 15:30:00-04:00,1.754481662877461,0.029437019873965742,73.46689702131499,-0.8880941077924207,0.44063045739792733,0.3685986931652743,0.028524122038836384,1,0,0,0,1,0,0,0
RIVN,2026-08-07 15:30:00-04:00,1.0095612280215807,-0.0034353719168949137,39.68990754273941,0.4681419479619535,0.46852034142966065,2.9385092997210602,-0.010713093807840461,0,0,0,0,1,0,0,0
XPEV,2026-08-07 15:30:00-04:00,0.7013045214495226,0.0037267144517398876,67.42902609102683,-0.1391373714582831,0.4704547052724364,0.16442349240941825,0.0033194914934163143,0,0,1,0,0,0,0,0
HOOD,2026-08-07 15:30:00-04:00,0.6938728007026685,0.0031456005480987592,47.1727790391926,0.6780400785119585,0.35183244723709245,1.9288310991618716,-0.0016314802376041927,0,0,0,1,0,0,0,0
LI,2026-08-07 15:30:00-04:00,0.8586467055702615,-0.0003850685077489979,54.50693735666202,-0.085579185581101,0.746677609845848,-0.7679694346837804,0.0015169394140587605,0,0,0,0,0,0,0,1
PLTR,2026-08-07 15:30:00-04:00,0.8275310112113367,0.005437905701225265,65.97280944140685,-0.8777081251418184,0.5001993965394468,3.088899075452773,-0.002212282243552738,1,0,1,0,0,0,0,0
SNAP,2026-08-07 15:30:00-04:00,0.7172143939885948,0.0009381077884595967,56.56078483612235,-0.33376128688777307,0.5414965924894315,2.5033871680005135,-0.005261959570795983,0,0,0,0,0,1,0,0
BBY,2026-08-07 15:30:00-04:00,1.100501324588127,0.0032451552506040926,57.88065917034077,-0.9495328348551186,0.4501043583346238,0.31498802047236796,0.002465033434350197,0,0,1,0,0,0,0,0
NOK,2026-08-07 15:30:00-04:00,0.5043220836959015,0.001070013367768352,45.26834873422821,-0.7164758624339751,0.4593501050219506,3.559328703107878,-0.007745274173481887,0,1,0,0,0,0,0,0
SOFI,2026-08-07 15:30:00-04:00,0.892108034155139,-0.0005475077588835697,54.192476372928354,0.04305089178276744,0.7987541350118699,3.4711791635889195,-0.009144477858193166,0,0,0,0,0,1,0,0
AFRM,2026-08-07 15:30:00-04:00,1.6130414147126966,0.004482192855869149,40.575984067680615,-0.3013883039530869,0.39451169911434436,1.9374001450422347,-0.00031611064054428307,0,0,0,0,0,1,0,0
BB,2026-08-07 15:30:00-04:00,0.8132989733286827,0.004481788347136639,53.55785856078076,-0.6469255793098854,0.7473068089078061,2.160930332678128,-0.0008701259682043806,0,0,0,0,1,0,0,0
UPST,2026-08-07 15:30:00-04:00,0.9462572919152948,0.011283705797079602,71.9107469758294,0.5523326175634422,0.5336254372254481,2.7233635683075015,0.004538829182274776,0,0,0,0,1,0,0,0
SIRI,2026-08-07 15:30:00-04:00,1.0880319322590735,-0.0028576563934459287,37.211407601950924,-0.3350216896966669,0.7689041734989215,0.18919531180218813,-0.0033262310079614442,0,0,0,1,0,0,0,0
NIO,2026-08-07 15:30:00-04:00,1.3472356380014796,0.001059346326944377,52.62509075178554,-0.781512903878476,0.6232365560497796,0.4602667198677717,-8.058308664412347e-05,0,1,0,0,0,0,0,0
PTON,2026-08-07 15:30:00-04:00,0.5396826837500351,0.007149319068842308,58.96603723896816,-0.9717284196838243,0.47302549231438396,0.8767424979746373,0.004977916013953903,0,0,0,1,0,0,0,0
MARA,2026-08-07 15:30:00-04:00,1.3041675295507604,-0.006519612067872882,27.16772468085614,0.6378381746930817,0.45235650314734216,3.83951375153152,-0.01602882590046477,0,0,0,1,0,0,0,0
TLRY,2026-08-10 11:00:00-04:00,0.3270225756770237,-0.004439507307092638,25.403945066417393,0.6337721899651281,0.47443302161753637,0.8406063454412491,-0.0038800758649688728,0,0,0,0,0,0,1,0
GME,2026-08-10 11:00:00-04:00,0.9068740979327405,0.0002608484491410934,47.20778165325986,-0.11193227864775568,0.3775439353262032,-0.36685892695688244,1.6700377125605835e-05,0,0,0,0,0,1,0,0
UPST,2026-08-10 11:00:00-04:00,0.3921767110766082,0.012235477580485377,52.39306670275675,0.18545969859568134,0.43973285768664966,2.7303600357205875,0.014052557906590313,0,1,0,0,0,0,0,0
DKNG,2026-08-10 11:00:00-04:00,0.5655702113153764,0.01400896857218159,82.80909986904237,0.740346794299908,0.7557761386892544,0.2036781124134024,0.014144518274815188,0,0,0,1,0,0,0,0
AFRM,2026-08-10 11:00:00-04:00,0.4465461490099813,0.0029131518866840622,52.23632094517685,-0.6062406982395296,0.43357934789929803,1.8653846696464211,0.004154582957856956,0,1,0,0,0,0,0,0
CVNA,2026-08-10 11:00:00-04:00,0.7678421202892504,0.014067862135099807,84.892026215987,0.4291449805300702,0.7602610933555782,1.5396382559586592,0.015092505899152942,0,0,0,0,0,0,0,1
COIN,2026-08-10 11:00:00-04:00,0.7242923152430628,-0.0062295794617039935,32.70117020588761,0.6519308946257616,0.696283812611165,2.429545763370889,-0.004612693867776182,0,1,0,0,0,0,0,0
HOOD,2026-08-10 11:00:00-04:00,0.5473350603906106,-1.7179322182481194e-05,48.26169131455594,-0.01387143023637627,0.5190634980932896,1.8115849668647015,0.0011884475399498433,0,1,0,0,0,0,0,0
SNDL,2026-08-10 11:00:00-04:00,2.1108084149758186,-0.008097158176053498,44.457321866736606,-0.017280530728067456,0.5084274250529967,0.5023437724506621,-0.007762843662978474,0,0,0,0,0,0,0,1
SNAP,2026-08-10 11:00:00-04:00,0.3649697144192637,0.013219961060550567,57.69719675275518,0.8982895957747259,0.39860312877965526,2.478398208549203,0.014869358416976472,0,0,1,0,0,0,0,0
CLOV,2026-08-10 11:00:00-04:00,0.726916125700132,0.017372404641629258,43.03577748562312,-0.24529314248340728,0.5964618492577412,1.4529767975063075,0.0183393743886571,0,0,0,0,0,1,0,0
NOK,2026-08-10 11:00:00-04:00,0.9450165978458536,-0.009656284933698078,33.2869646747544,-0.5340506989424085,0.5634363814801744,3.6287052595001894,-0.007241347397985456,0,0,0,0,0,1,0,0
AMC,2026-08-10 11:00:00-04:00,1.2329506628317968,-0.010351907802793603,22.29641098299433,-0.7396752360999028,0.7744964157846189,-1.7019373686260697,-0.011484563155323717,0,0,0,1,0,0,0,0
FUBO,2026-08-10 11:00:00-04:00,0.32221666093091744,0.011235998399541591,40.816741835029994,-0.4567803474192642,0.5541669763281413,1.2542586666011561,0.012070719358356857,0,0,0,0,1,0,0,0
LI,2026-08-10 11:00:00-04:00,0.6223841075115176,0.004296824272024269,41.395586414716384,0.11464551097132425,0.6032145023421857,-0.7530377436333404,0.003795670559374988,0,0,0,0,1,0,0,0
BBY,2026-08-10 11:00:00-04:00,0.3241490151398586,0.0015233684667004255,64.02173882510363,-0.1528511574065312,0.6490920802944649,0.2947987015292907,0.0017195597798247337,0,0,0,0,1,0,0,0
PLTR,2026-08-10 11:00:00-04:00,1.045378588828553,0.01232401078978862,79.29797684044536,0.6278114408963027,0.6157114131617898,3.0126740259350147,0.014328973736021136,0,0,0,0,0,1,0,0
PTON,2026-08-10 11:00:00-04:00,0.2333571673511621,-0.00401278372831515,32.51729959802414,0.14628251354631439,0.5928849310733881,0.9365019783362418,-0.0033895328390806724,0,0,0,0,0,0,1,0
NIO,2026-08-10 11:00:00-04:00,1.0774264333011971,0.006920648139280505,61.18760409736728,-0.007538365484267562,0.3296288445200178,0.3832553545626837,0.007175708188336062,0,0,1,0,0,0,0,0
SOFI,2026-08-10 11:00:00-04:00,0.796535049959833,0.0013851261460207098,40.77739190761106,0.20477904545565018,0.3570106250291478,3.4380509317919743,0.003673181430516258,0,0,0,0,0,1,0,0
BB,2026-08-10 11:00:00-04:00,1.6922395007456528,-0.006013683911343826,50.91463467446886,-0.9652099016719391,0.4468738559557607,2.0338239637793154,-0.0046601549030829,0,1,0,0,0,0,0,0
RIOT,2026-08-10 11:00:00-04:00,0.4617922599033059,-0.02408744002177232,27.883075616345863,0.2906668908881509,0.3000597102087969,3.9552569274658045,-0.021455179274631843,0,0,0,0,0,0,0,1
SIRI,2026-08-10 11:00:00-04:00,0.8682364633733665,-0.0030991787104169832,25.78354857840077,-0.947253414952165,0.3377037552484899,0.23544612685446473,-0.002942487094890921,0,0,1,0,0,0,0,0
XPEV,2026-08-10 11:00:00-04:00,0.4746794879677541,0.0050335122112714625,44.80588996314333,0.7931474186925,0.3381799979769078,0.19871219679086286,0.005165757050275076,0,0,0,0,0,1,0,0
MSTR,2026-08-10 11:00:00-04:00,0.606407580019943,0.0025898023896475664,47.144566510954746,-0.9061474399597429,0.3492616030967975,1.6177491010529652,0.0036664296569821056,0,1,0,0,0,0,0,0
RIVN,2026-08-10 11:00:00-04:00,1.1300993434564375,-0.000624428926815912,50.73907593171307,-0.7191761999731712,0.7825519839400108,2.8035683502477755,0.0012413722222919693,0,0,0,0,1,0,0,0
MARA,2026-08-10 11:00:00-04:00,0.9083967199616627,-0.017032693466083715,35.16935239857011,-0.17770366509156932,0.3094742608310402,3.830824907207943,-0.014483243400681179,0,0,0,0,1,0,0,0
AMC,2026-08-10 11:15:00-04:00,1.0981724556152208,-0.0037204732771596305,31.32382147980404,-0.1507155859160958,0.7176349511071427,-1.7019373686260697,-0.007624013211236565,0,0,0,0,0,1,0,0
PTON,2026-08-10 11:15:00-04:00,0.2455248779705222,-0.0074038568912940805,27.55845101220946,0.050384877527747784,0.6385550246766598,0.9365019783362418,-0.005255908947869639,0,1,0,0,0,0,0,0
AFRM,2026-08-10 11:15:00-04:00,0.5047209349044384,-0.003158489989362967,52.36687724944146,0.15037501314468682,0.37643944875473323,1.8653846696464211,0.0011199304064815454,0,0,1,0,0,0,0,0
NOK,2026-08-10 11:15:00-04:00,1.0421018688944543,-0.005390753543607185,34.831217260624,-0.7213642092250263,0.6515726334582866,3.6287052595001894,0.00293199449082188,0,0,1,0,0,0,0,0
XPEV,2026-08-10 11:15:00-04:00,0.31568837117945253,0.005865076863270646,51.2884075084533,0.9975969511834732,0.7502279055555039,0.19871219679086286,0.006320840400672422,0,0,0,0,0,0,0,1
HOOD,2026-08-10 11:15:00-04:00,0.4648268879421096,-0.00608064548553322,46.21682424076396,-0.689805951586552,0.7105606552992396,1.8115849668647015,-0.0019256193415109401,0,1,0,0,0,0,0,0
RIOT,2026-08-10 11:15:00-04:00,0.45462666959350234,-0.01209066833783079,26.83072236763273,-0.7375238454665112,0.44134358936110263,3.9552569274658045,-0.003018945928702936,0,1,0,0,0,0,0,0
GME,2026-08-10 11:15:00-04:00,0.6456613214394862,-0.008022711270456062,46.50361135085654,0.10608236890090361,0.617035232316278,-0.36685892695688244,-0.008864133815108725,0,0,0,0,0,1,0,0
MARA,2026-08-10 11:15:00-04:00,0.7822981247429385,-0.019867519425467273,33.242438682338516,-0.9766503486455955,0.6281887375057372,3.830824907207943,-0.011081192571492277,0,0,0,0,0,0,0,1
DKNG,2026-08-10 11:15:00-04:00,0.6369724931098886,0.014094497575914966,85.1389572247138,0.1480312749823891,0.4242860059641101,0.2036781124134024,0.014561650868485869,0,0,1,0,0,0,0,0
LI,2026-08-10 11:15:00-04:00,0.5583553230662882,0.0027312370060474933,40.20430160022862,-0.5230722454473469,0.4675056564066179,-0.7530377436333404,0.0010040800857473492,0,0,1,0,0,0,0,0
SIRI,2026-08-10 11:15:00-04:00,0.7224223047267374,-0.010275706120789319,24.095837666750725,0.5775125997293697,0.6591615676571558,0.23544612685446473,-0.009735690151081755,0,1,0,0,0,0,0,0
SNDL,2026-08-10 11:15:00-04:00,0.5132275637713342,-0.012145737264080192,39.74653111416072,0.8293262988477623,0.406086512137906,0.5023437724506621,-0.010993568557672966,0,0,1,0,0,0,0,0
SOFI,2026-08-10 11:15:00-04:00,0.6796635447379394,-0.0022069470635776023,41.90452154959158,0.09831051069328467,0.5862395217069154,3.4380509317919743,0.005678518850173659,0,1,0,0,0,0,0,0
RIVN,2026-08-10 11:15:00-04:00,0.3239654608861871,-0.0021903266178393554,48.643078306172036,-0.5562559456190026,0.42292337302298216,2.8035683502477755,0.004239898850411022,0,0,1,0,0,0,0,0
MSTR,2026-08-10 11:15:00-04:00,1.6338249382773418,-0.016780528790960925,40.81281913591366,-0.817035711707222,0.3727176546004762,1.6177491010529652,-0.013070081899266426,0,0,0,1,0,0,0,0
CVNA,2026-08-10 11:15:00-04:00,1.1902292746462595,0.005030049128570413,68.95906924605433,-0.17888325200308164,0.7071183477824492,1.5396382559586592,0.008561342069754813,0,0,0,0,0,0,1,0
CLOV,2026-08-10 11:15:00-04:00,0.4220016208671339,0.006458602783969258,41.52874088851314,0.7262704206083657,0.6616460487214808,1.4529767975063075,0.009791130206486427,0,0,1,0,0,0,0,0
COIN,2026-08-10 11:15:00-04:00,2.138047777834481,-0.013112408104846596,29.847385667497576,-0.4700906542808496,0.6711663020947491,2.429545763370889,-0.007540035652244683,0,0,0,0,0,0,0,1
BB,2026-08-10 11:15:00-04:00,1.094718905724288,-0.004446910768419743,46.87313863876506,-0.37123876568993075,0.7096542800881027,2.0338239637793154,0.00021783965533071596,0,0,1,0,0,0,0,0
UPST,2026-08-10 11:15:00-04:00,0.3159523056150672,0.00557926091647265,53.88983340588496,-0.9500561907770735,0.3956794022798434,2.7303600357205875,0.011841576810298418,0,0,0,0,0,0,0,1
NIO,2026-08-10 11:15:00-04:00,0.34677001960251574,0.0010548765152658124,53.77283157297011,0.7667034535526867,0.5068859013686187,0.3832553545626837,0.001933905678772561,0,0,1,0,0,0,0,0
SNAP,2026-08-10 11:15:00-04:00,0.7041071218062439,-0.0009328571485761605,54.6774538368185,-0.0588834601951469,0.5417587336786382,2.478398208549203,0.004751562594452661,0,1,0,0,0,0,0,0
BBY,2026-08-10 11:15:00-04:00,0.24917290031781275,0.005622773477571563,67.4109456673988,-0.14602525062496996,0.6861766115529632,0.2947987015292907,0.006298919689028563,0,0,0,0,0,0,0,1
PLTR,2026-08-10 11:15:00-04:00,0.5874285748161946,0.00258910743855445,72.77217173197762,0.9383134410452723,0.5577315507570828,3.0126740259350147,0.009498934783192452,0,0,0,0,0,0,1,0
TLRY,2026-08-10 11:15:00-04:00,0.8268443028083811,-0.009988917902509331,18.87582383933531,-0.2646060252265088,0.37300151815427973,0.8406063454412491,-0.008060914852128382,0,0,0,0,0,0,0,1
FUBO,2026-08-10 11:15:00-04:00,0.5565156263729827,-0.014859683909189236,37.12021633899399,-0.04643645443179145,0.7231029028283376,1.2542586666011561,-0.011982933634476039,0,0,1,0,0,0,0,0
CVNA,2026-08-10 12:15:00-04:00,0.36260788391619925,0.0015187161381760017,62.02928306958778,-0.30185358283264296,0.4649239444731557,1.5396382559586592,0.0033909564824116858,0,0,0,0,0,0,1,0
GME,2026-08-10 12:15:00-04:00,0.3172804134670986,-0.0013045408131783232,43.20061523777078,0.029844938425497958,0.40617157545535115,-0.36685892695688244,-0.0017506508530097378,0,0,0,0,0,0,1,0
AFRM,2026-08-10 12:15:00-04:00,0.4205276357343462,0.00257442323260082,57.238743429412764,5.270850946481609e-05,0.5900652189562884,1.8653846696464211,0.004842779726416441,0,0,0,0,0,0,0,1
FUBO,2026-08-10 12:15:00-04:00,0.3297183279212552,0.0011173440329554918,43.8982656025691,-0.25284337088243714,0.5881221377302774,1.2542586666011561,0.002642555340630995,0,0,0,0,0,1,0,0
XPEV,2026-08-10 12:15:00-04:00,0.466565132866932,0.0024989365002257014,56.56226784450825,-0.7171013565573141,0.6436419854592021,0.19871219679086286,0.0027405757231299833,0,0,0,1,0,0,0,0
PTON,2026-08-10 12:15:00-04:00,0.5601861011843937,-0.009981906150835607,25.472420578314626,0.16094766355978996,0.7009677893621038,0.9365019783362418,-0.008843095277884211,0,0,0,0,0,1,0,0
UPST,2026-08-10 12:15:00-04:00,0.17620464761187474,0.00440601277973407,56.35629260776223,-0.3175506914979944,0.5064998528966617,2.7303600357205875,0.007726201917267507,0,0,0,1,0,0,0,0
SOFI,2026-08-10 12:15:00-04:00,0.5836216390587748,0.006911805713461172,53.658633897846926,0.21748510764634665,0.6664747165923495,3.4380509317919743,0.01109256546993403,0,0,0,0,0,1,0,0
NIO,2026-08-10 12:15:00-04:00,0.728063199413763,0.005268724124423363,60.3521006376141,0.11802425447651599,0.7511701417494017,0.3832553545626837,0.0057347726486007685,0,0,0,0,0,0,1,0
TLRY,2026-08-10 12:15:00-04:00,0.7314733462293186,-0.016816100588263105,15.255490770144647,-0.03283959684103688,0.3054590351606598,0.8406063454412491,-0.015793901310306294,0,0,0,1,0,0,0,0
MARA,2026-08-10 12:15:00-04:00,0.764054284613151,-0.008326409611451036,29.45647611396511,-0.6939707624997133,0.5738981831690018,3.830824907207943,-0.00366802643915721,0,1,0,0,0,0,0,0
PLTR,2026-08-10 12:15:00-04:00,0.36786653346689346,-0.00039301253185730634,64.39881179730102,0.2983444054641855,0.7143864978762422,3.0126740259350147,0.0032704777935856897,0,0,0,0,0,0,1,0
BB,2026-08-10 12:15:00-04:00,0.8458330182779424,0.005583494266985012,53.94303921976152,-0.986741650892047,0.4093746609193345,2.0338239637793154,0.00805667734315509,0,0,1,0,0,0,0,0
CLOV,2026-08-10 12:15:00-04:00,0.48462643380710047,-0.004278070611879459,42.353989326774276,-0.17866653597531457,0.7360173448039116,1.4529767975063075,-0.0025112128652616623,0,0,1,0,0,0,0,0
NOK,2026-08-10 12:15:00-04:00,0.31708514727975007,0.0,37.66123374807435,-0.18147289175452985,0.694657150509023,3.6287052595001894,0.004412600400050654,0,0,0,1,0,0,0,0
SNDL,2026-08-10 12:15:00-04:00,0.14597536287630475,0.0,45.988566605821035,0.7768630192243247,0.7211425941829662,0.5023437724506621,0.0006108631516642005,0,0,1,0,0,0,0,0
SIRI,2026-08-10 12:15:00-04:00,0.8166164383061343,0.0031147309625221276,38.00188206400852,-0.5028493466150588,0.42454388489022454,0.23544612685446473,0.0034010396041039706,0,1,0,0,0,0,0,0
RIVN,2026-08-10 12:15:00-04:00,1.3193321513632257,0.005947470048384806,62.60964442057592,0.84798159603855,0.3226513834045208,2.8035683502477755,0.00935668240904279,0,0,0,0,0,0,0,1
COIN,2026-08-10 12:15:00-04:00,0.41866469849320864,0.009115649289197725,46.79740278475992,0.13810429663370427,0.727117373220608,2.429545763370889,0.012070040412401926,0,1,0,0,0,0,0,0
HOOD,2026-08-10 12:15:00-04:00,0.5201536848082907,0.010303736217015746,63.379708132211086,-0.24970488208376174,0.7674336823008066,1.8115849668647015,0.012506670866663754,0,0,0,0,0,1,0,0
BBY,2026-08-10 12:15:00-04:00,0.3070783519454536,0.0032819288133967284,71.11455562378607,-0.525492305673539,0.6518084610110273,0.2947987015292907,0.0036404117364439792,0,0,0,0,1,0,0,0
DKNG,2026-08-10 12:15:00-04:00,0.40729002960512156,0.002699696403351881,81.82955214485118,0.09016219565049632,0.3412794367617286,0.2036781124134024,0.0029473743093939753,0,0,0,1,0,0,0,0
MSTR,2026-08-10 12:15:00-04:00,0.4795500441632361,-0.0014818257059528994,42.26793282006964,-0.3333132853613785,0.5910903810843088,1.6177491010529652,0.0004853994666617371,0,0,0,1,0,0,0,0
AMC,2026-08-10 12:15:00-04:00,0.7721243601794748,0.0,34.036107008428644,-0.07133756733580632,0.3822097827218758,-1.7019373686260697,-0.0020696003055081305,0,0,0,0,0,0,0,1
RIOT,2026-08-10 12:15:00-04:00,0.5681589203148824,-0.008913863710461212,26.357727485828832,0.5608499321920335,0.33520171847728364,3.9552569274658045,-0.004104167950590467,0,0,1,0,0,0,0,0
SNAP,2026-08-10 12:15:00-04:00,0.5679828938185727,0.0046685518727145325,62.09456921887483,-0.6204599675430491,0.7119616093208896,2.478398208549203,0.007682348845587266,0,0,0,0,0,0,1,0
LI,2026-08-10 12:15:00-04:00,0.3573040945928914,0.0011672676422693762,46.52371096925319,-0.40066423826252473,0.560990868882371,-0.7530377436333404,0.000251554071951074,0,0,0,0,0,1,0,0
LCID,2026-08-10 13:30:00-04:00,0.20837661848090439,0.004564827207403921,41.23080538866776,-0.2741407194755199,0.5836516758860585,2.9732144494925663,0.006301670553683952,0,0,0,0,1,0,0,0
CHPT,2026-08-10 13:30:00-04:00,0.3362265313454437,-0.0008190195618831275,39.4135035050094,-0.6454790257629734,0.5848570902464506,2.3658273432762127,0.0005630104091867158,0,0,0,1,0,0,0,0
SNDL,2026-08-10 13:45:00-04:00,3.0306449792852193,0.0,46.37853103803862,0.5283462523393339,0.6811781954430234,0.5023437724506621,0.00047730095956452636,0,0,0,1,0,0,0,0
BBY,2026-08-10 13:45:00-04:00,0.42162747075086937,0.0006062255562417906,63.87867568874523,0.7240999765717921,0.5237984481391461,0.2947987015292907,0.0008863279698377042,0,0,0,0,1,0,0,0
COIN,2026-08-10 13:45:00-04:00,0.31339800127993067,-0.003605002405610014,41.94673806274415,-0.8545285408344592,0.513359167565236,2.429545763370889,-0.0012965742180649042,0,0,0,0,0,1,0,0
PLTR,2026-08-10 13:45:00-04:00,0.39097379198133875,-0.001711780645433536,47.32962073084755,-0.08921550184993499,0.3157484444961817,3.0126740259350147,0.001150705728029243,0,0,1,0,0,0,0,0
AMC,2026-08-10 13:45:00-04:00,0.19596063465392255,-0.003193098939804462,45.64173479958281,0.9395082607226004,0.5956659346060318,-1.7019373686260697,-0.004810191424500751,0,0,0,1,0,0,0,0
SOFI,2026-08-10 13:45:00-04:00,0.46649651137491127,0.0022044093232080897,53.0516903835561,-0.9557849891485237,0.724671534555243,3.4380509317919743,0.005471066737453617,0,1,0,0,0,0,0,0
RIVN,2026-08-10 13:45:00-04:00,0.5134069171391449,0.00031157125227987414,55.29375144949032,-0.4723735872668422,0.4240081153836217,2.8035683502477755,0.0029753762741873088,0,0,0,1,0,0,0,0
NIO,2026-08-10 13:45:00-04:00,0.30311195803562613,-0.004188477597292017,45.76362290613363,0.3799804294246214,0.5441670743079743,0.3832553545626837,-0.003824328266648174,0,0,0,0,0,0,1,0
CHPT,2026-08-10 13:45:00-04:00,0.20033054539990985,-0.00326797080073582,39.4135035050094,0.8542541868170497,0.367050312456381,2.3658273432762127,-0.0010200845462672498,0,0,0,0,0,0,1,0
UPST,2026-08-10 13:45:00-04:00,0.29092337660760276,0.0003280915036754095,46.21542679763335,0.12737527819523753,0.5638680091101007,2.7303600357205875,0.0029223377877458778,0,0,0,1,0,0,0,0
GME,2026-08-10 13:45:00-04:00,1.3426853161401815,-0.004703430964795419,39.929109425315346,-0.2609069747585797,0.7733404383572662,-0.36685892695688244,-0.005052001261600542,0,0,0,0,0,0,0,1
FUBO,2026-08-10 13:45:00-04:00,0.22433920974354132,-0.0034153084242850573,40.14156903413291,-0.262224225896063,0.33613324185381893,1.2542586666011561,-0.002223576988678074,1,0,0,0,0,0,1,0
RIOT,2026-08-10 13:45:00-04:00,0.8053672899807085,-0.004381396192991049,28.319926456428306,0.16282494604741848,0.3599898205960582,3.9552569274658045,-0.0006233165066561611,0,0,0,0,0,0,0,1
SIRI,2026-08-10 13:45:00-04:00,0.395758080361572,-0.005501112341362524,38.57201057621536,0.778926790584549,0.7736783745209805,0.23544612685446473,-0.005277403661298367,0,0,0,1,0,0,0,0
TLRY,2026-08-10 13:45:00-04:00,0.3252766034976313,-0.004561107575762224,29.67092626501116,0.3402510390873874,0.4714964012609003,0.8406063454412491,-0.0037624070895637134,0,0,0,0,1,0,0,0
AFRM,2026-08-10 13:45:00-04:00,0.3266793879781522,0.0015223560374577616,57.95416211023396,-0.7596995579419334,0.32150113815537484,1.8653846696464211,0.00329474765771347,0,0,0,1,0,0,0,0
PTON,2026-08-10 13:45:00-04:00,0.2779921483680637,-0.0025387768773950103,42.72361281959475,0.2615029719265687,0.3704453777477858,0.9365019783362418,-0.0016489613418836846,0,0,1,0,0,0,0,0
HOOD,2026-08-10 13:45:00-04:00,0.3764068770537438,0.005541901661716642,63.64261350824489,0.04907415896598688,0.6368669373135423,1.8115849668647015,0.0072631755988830805,0,0,0,1,0,0,0,0
XPEV,2026-08-10 13:45:00-04:00,0.400133197541035,-0.0041614805914383934,36.343550152816206,0.33974579851893827,0.724494877773645,0.19871219679086286,-0.003972674583666556,0,0,0,0,0,0,1,0
LI,2026-08-10 13:45:00-04:00,1.0576471254095134,-0.0015557763361753185,37.511204733789334,-0.0007164547929117138,0.5851336767355666,-0.7530377436333404,-0.002271273685472707,0,0,1,0,0,0,0,0
NOK,2026-08-10 13:45:00-04:00,0.1877755409490277,0.0027071546436401306,55.266102601822126,0.5205302992428535,0.331332641322511,3.6287052595001894,0.006154961897001456,0,0,0,1,0,0,0,0
CVNA,2026-08-10 13:45:00-04:00,0.5647023116575288,-6.89609283173187e-05,56.521585754452396,0.06165588510280884,0.45546051672088483,1.5396382559586592,0.00139392336975268,1,0,0,0,0,0,1,0
LCID,2026-08-10 13:45:00-04:00,0.2970464309148032,0.0019417215889219186,48.476375767701754,0.5029795744256591,0.5331762047258652,2.9732144494925663,0.004766715522480229,0,0,0,1,0,0,0,0
MARA,2026-08-10 13:45:00-04:00,0.9371205680440188,-0.002182179680302876,28.838956807543866,-0.5424729245023283,0.6973427639377872,3.830824907207943,0.0014576711636998165,0,0,0,0,0,1,0,0
BB,2026-08-10 13:45:00-04:00,1.0546903389231639,0.0005441397640670864,53.662750470250856,0.4429164854087122,0.33605222420253644,2.0338239637793154,0.0024765736524408853,0,0,0,0,0,1,0,0
DKNG,2026-08-10 13:45:00-04:00,0.9328966749249913,-0.001385268866457512,54.61433114118336,0.492265114649832,0.4855633620132759,0.2036781124134024,-0.0011917445036034736,0,0,0,0,0,1,0,0
SNAP,2026-08-10 13:45:00-04:00,0.46520376770697697,-0.006523736981411843,40.53072308941848,0.671303062115647,0.4496940875515268,2.478398208549203,-0.004168891737979028,0,0,0,0,0,1,0,0
CLOV,2026-08-10 13:45:00-04:00,0.2849861784998791,-0.0064308109788868695,41.13994174320931,-0.6832552109959815,0.5422985392851196,1.4529767975063075,-0.005050267897220885,0,0,1,0,0,0,0,0
MSTR,2026-08-10 13:45:00-04:00,0.3326284606936688,-0.0003094082042972568,39.389058533218915,0.5220585486063065,0.7519359704096034,1.6177491010529652,0.0012276929615046295,0,0,0,0,0,1,0,0
